{"boundaryID": "NPL-ADM2-79688334", "boundaryISO": "NPL", "boundaryYear": "2006", "boundaryType": "ADM2", "boundarySource": "geoBoundaries, Wikimedia Commons", "boundaryCanonical": "Districts", "boundaryLicense": "Public Domain", "licenseDetail": "", "licenseSource": "https//commons.wikimedia.org/wiki/File", "boundarySourceURL": "https//commons.wikimedia.org/wiki/File", "sourceDataUpdateDate": "Sat Apr 22 12:50:50 2023", "buildDate": "Dec 12, 2023", "admUnitCount": "75", "meanVertices": "50.0", "minVertices": "11", "maxVertices": "119", "meanPerimeterLengthKM": "231.11222003369136", "maxPerimeterLengthKM": "451.79177526130906", "minPerimeterLengthKM": "43.06174282894405", "meanAreaSqKM": "1966.3627704269331", "minAreaSqKM": "97.60217099199502", "maxAreaSqKM": "8109.827432086035"}