{"boundaryID": "NPL-ADM1-38925275", "boundaryISO": "NPL", "boundaryYear": "2020", "boundaryType": "ADM1", "boundarySource": "Survey Department of Nepal, OCHA FISS", "boundaryCanonical": "Provinces", "boundaryLicense": "Creative Commons Attribution 3.0 Intergovernmental Organisations (CC BY 3.0 IGO)", "licenseDetail": "", "licenseSource": "https//data.humdata.org/dataset/administrative-bounadries-of-nepal", "boundarySourceURL": "https//data.humdata.org/dataset/administrative-bounadries-of-nepal", "sourceDataUpdateDate": "Thu Jan 19 07:31:04 2023", "buildDate": "Dec 12, 2023", "admUnitCount": "7", "meanVertices": "20242.0", "minVertices": "15534", "maxVertices": "29800", "meanPerimeterLengthKM": "1229.8940847076985", "maxPerimeterLengthKM": "1556.4690830413956", "minPerimeterLengthKM": "1004.0544056825561", "meanAreaSqKM": "21093.21436464336", "minAreaSqKM": "9590.805125292529", "maxAreaSqKM": "30719.585096957897"}