latitude,longitude,acq_date,fire_occurred,temperature,humidity,wind_speed,precipitation,elevation,vpd
27.8739,80.0982,2016-03-11,0,27.1,29.52,2.44,0.19,156.0,2.528
28.0033,84.8377,2022-08-27,0,19.07,93.22,1.43,21.9,667.0,0.15
28.8952,84.65,2012-03-29,0,-7.06,60.88,1.9,0.0,5386.0,0.141
29.1301,86.2517,2024-05-01,0,-3.29,48.74,7.34,0.0,5257.0,0.246
28.7341,82.356,2024-09-30,0,19.16,90.9,1.42,0.0,2091.0,0.202
29.021,85.3287,2018-12-29,0,-17.49,38.3,1.66,0.0,5769.0,0.095
28.712,80.7356,2020-06-28,0,31.17,74.43,1.52,7.0,185.0,1.16
30.3836,83.9482,2020-12-30,0,-18.45,49.28,5.59,0.0,5780.0,0.072
27.9038,85.0031,2024-07-27,0,22.25,83.06,1.72,1.31,1399.0,0.455
28.3208,86.8585,2018-10-01,0,0.22,70.01,2.23,0.99,4602.0,0.186
28.9332,81.1449,2018-05-20,0,26.72,30.86,1.79,0.0,581.0,2.425
28.04,81.3627,2015-03-11,0,19.85,50.25,2.32,0.0,144.0,1.153
28.2955,83.7586,2015-01-22,0,-0.19,54.2,1.43,0.9,1156.0,0.276
27.5129,81.7643,2021-08-12,0,28.54,88.05,2.39,10.54,119.0,0.466
26.3888,80.4357,2019-04-17,0,27.43,46.63,2.41,1.69,125.0,1.951
29.2868,86.2513,2019-05-07,0,-1.2,54.79,5.52,0.0,5046.0,0.253
27.3188,86.8734,2013-05-24,0,15.35,59.17,1.98,0.02,2145.0,0.712
28.9426,87.8033,2015-05-16,0,4.62,43.84,3.5,0.24,4877.0,0.477
29.129,84.6122,2022-05-23,0,-1.63,80.11,2.37,2.75,5279.0,0.108
30.2746,81.9416,2020-06-01,0,-5.48,94.08,2.52,4.1,4747.0,0.024
27.6812,87.1146,2018-12-26,0,0.08,50.51,1.71,0.0,4460.0,0.304
27.6192,86.3546,2018-08-18,0,18.91,92.03,1.16,0.52,2942.0,0.174
26.5675,88.0602,2012-02-24,0,21.57,38.45,1.37,0.0,98.0,1.585
30.144,88.8965,2020-05-09,0,-0.75,46.26,1.97,0.02,5457.0,0.311
29.5074,82.7647,2017-06-02,0,4.76,78.59,2.79,0.35,3359.0,0.184
28.6902,83.1122,2020-02-06,0,-0.67,55.13,1.43,0.0,4424.0,0.261
30.0423,88.5912,2018-05-20,0,6.55,41.34,2.92,0.0,4800.0,0.57
29.0823,82.0996,2015-02-06,0,5.77,57.52,1.44,0.0,3394.0,0.391
29.3676,89.1668,2012-12-07,0,-4.01,29.3,2.32,0.0,3837.0,0.321
28.8316,87.0874,2021-01-25,0,-10.02,22.04,4.48,0.0,4798.0,0.222
27.9013,81.0616,2012-01-07,0,15.46,72.58,1.69,1.69,132.0,0.482
27.5568,84.4904,2018-01-21,0,14.45,40.08,1.18,0.0,187.0,0.986
29.6631,83.6491,2014-11-28,0,-13.38,74.93,3.58,0.0,4893.0,0.055
27.0165,80.1716,2014-04-03,0,27.9,28.68,2.73,0.08,138.0,2.68
28.5294,82.9261,2012-03-18,0,6.55,60.26,2.05,0.0,3459.0,0.386
27.4587,85.6535,2018-02-04,0,13.58,39.03,1.93,0.0,1608.0,0.948
28.9543,85.9318,2016-05-24,0,2.92,65.52,3.77,0.25,5587.0,0.26
28.6722,86.433,2021-09-16,0,2.59,83.41,2.13,0.45,4352.0,0.122
28.6257,80.2821,2014-08-26,0,30.7,60.86,1.54,0.11,172.0,1.729
29.5402,83.1816,2013-12-06,0,-9.13,52.04,2.12,0.0,5444.0,0.147
27.0427,85.6868,2018-02-11,0,19.75,18.46,1.46,0.0,179.0,1.877
29.6378,87.2489,2015-09-13,0,6.9,66.9,1.5,1.61,5757.0,0.329
29.4081,85.8689,2020-09-15,0,4.79,74.03,2.32,0.22,4908.0,0.223
29.1001,88.8329,2017-02-15,0,-4.44,17.53,1.19,0.0,4468.0,0.362
29.7445,84.6048,2022-03-18,0,-1.23,52.52,1.47,0.41,5539.0,0.265
27.886,82.6917,2022-09-22,0,24.49,91.61,1.97,4.16,625.0,0.258
28.3875,88.3459,2016-01-04,0,-10.3,27.95,2.33,0.0,4448.0,0.201
29.7843,86.1636,2018-11-25,0,-8.43,40.7,2.71,0.0,5451.0,0.192
28.3823,82.0061,2023-07-14,0,24.59,87.75,2.12,22.67,2093.0,0.379
26.9819,81.1417,2018-03-07,0,24.34,21.58,2.43,0.0,122.0,2.388
30.42,83.7867,2012-08-06,0,6.68,66.43,2.12,0.35,5292.0,0.329
29.7434,83.9194,2020-11-29,0,-8.5,52.67,2.54,0.0,4660.0,0.152
27.1842,80.8199,2023-07-21,0,30.45,80.38,2.29,0.05,128.0,0.854
27.4173,87.9987,2017-03-31,0,6.86,74.88,1.61,5.47,3816.0,0.249
27.6104,86.3889,2022-06-04,0,18.78,63.38,1.85,5.26,3079.0,0.794
30.0461,87.8382,2012-05-16,0,-1.05,42.34,3.07,0.11,5805.0,0.326
30.3256,81.5975,2016-03-30,0,-7.63,84.65,3.44,1.61,5144.0,0.053
29.8402,89.2941,2022-04-25,0,-0.58,38.05,2.87,0.01,5185.0,0.363
27.0366,81.3151,2018-10-18,0,25.71,63.71,1.0,0.0,121.0,1.199
30.0999,82.1615,2024-01-19,0,-7.38,64.05,1.48,0.0,5154.0,0.126
26.9051,87.0969,2023-10-07,0,,,,,452.0,
27.492,87.5917,2012-12-12,0,1.92,53.1,1.41,0.0,1685.0,0.329
26.5155,89.0296,2022-06-12,0,28.17,89.14,1.66,73.01,66.0,0.415
27.5054,87.2898,2023-07-06,0,16.59,87.44,2.32,6.21,1826.0,0.237
29.3179,82.6448,2019-02-05,0,-8.05,56.14,1.5,0.0,4280.0,0.146
28.2581,87.0422,2019-03-25,0,-7.31,66.04,4.61,0.4,4868.0,0.12
26.771,86.1543,2020-08-01,0,25.64,86.53,1.07,0.32,89.0,0.443
29.0003,88.4842,2012-02-09,0,-7.2,36.51,7.76,0.28,4362.0,0.226
26.5551,86.0844,2022-08-02,0,28.15,83.44,0.62,10.27,67.0,0.631
26.5838,86.6449,2019-09-05,0,27.6,86.53,2.02,2.34,99.0,0.497
27.6462,80.6065,2012-07-08,0,28.54,84.84,2.86,32.09,140.0,0.591
30.1123,88.2732,2016-10-04,0,2.99,67.98,1.68,0.0,5285.0,0.242
28.9501,88.116,2015-01-14,0,-8.26,43.08,3.53,0.0,5000.0,0.186
27.269,87.2853,2017-11-10,0,8.19,78.59,1.38,0.0,1194.0,0.233
28.8565,83.3474,2024-04-08,0,-3.57,56.75,2.29,0.0,3891.0,0.203
28.0646,86.2144,2014-11-21,0,-1.72,73.86,1.49,0.0,5367.0,0.141
27.239,88.0115,2024-11-22,0,13.88,88.85,0.63,0.01,3216.0,0.177
29.9564,89.0125,2017-04-13,0,-4.01,32.9,2.92,0.0,4465.0,0.305
29.0953,85.1372,2021-08-28,0,2.95,89.81,1.84,7.98,4562.0,0.077
29.151,88.7014,2012-12-02,0,-3.9,25.95,2.17,0.0,3917.0,0.339
28.3739,88.4452,2022-06-16,0,7.4,68.95,3.73,3.46,4534.0,0.32
26.561,81.7031,2016-12-28,0,14.52,38.01,1.17,0.0,99.0,1.025
29.6792,81.7146,2012-07-20,0,16.06,83.27,1.73,8.27,2285.0,0.305
27.5744,86.1293,2012-02-27,0,11.05,27.97,1.74,0.0,2266.0,0.949
28.2874,80.0857,2021-12-07,0,15.26,78.71,1.56,0.01,169.0,0.369
28.425,86.1788,2024-07-25,0,6.75,85.17,2.39,10.31,4679.0,0.146
30.4947,82.5636,2022-07-22,0,8.52,51.08,2.14,2.87,4991.0,0.544
29.7219,84.3034,2017-05-13,0,1.34,75.75,1.98,0.57,5148.0,0.163
28.0586,81.3318,2016-09-12,0,28.22,81.29,1.06,9.22,157.0,0.716
27.1786,85.2653,2017-08-22,0,28.47,84.4,1.02,12.33,191.0,0.606
28.3058,82.0598,2021-09-25,0,21.92,86.05,0.67,4.71,1230.0,0.367
28.3332,84.9403,2020-01-17,0,-6.67,97.47,4.31,23.02,2613.0,0.009
29.971,86.9655,2023-02-28,0,-12.55,61.46,4.08,0.0,5247.0,0.09
29.2925,83.9168,2013-04-09,0,-7.18,78.11,3.9,0.0,4805.0,0.078
28.0628,83.2597,2023-02-27,0,15.75,45.75,1.57,0.18,1989.0,0.971
28.7117,83.7848,2018-08-28,0,13.3,94.17,1.56,0.68,4778.0,0.089
27.3206,87.0392,2023-07-06,0,15.34,89.99,1.92,3.67,2601.0,0.174
29.4004,85.5447,2022-06-25,0,7.64,73.52,2.68,14.76,4747.0,0.277
27.4942,86.3002,2013-11-25,0,11.07,71.85,1.13,0.0,1656.0,0.371
27.1477,80.7278,2021-05-08,0,31.96,32.31,1.38,2.41,130.0,3.211
27.3462,89.1504,2024-03-23,0,1.18,91.2,1.17,4.8,4117.0,0.059
27.1864,85.6877,2023-11-29,0,21.73,67.59,0.78,0.0,362.0,0.843
28.6971,81.6969,2015-07-27,0,23.61,87.56,1.7,1.72,1610.0,0.363
29.7155,80.1128,2024-11-04,0,16.58,77.96,1.15,0.0,837.0,0.416
27.1565,89.4374,2016-01-31,0,7.64,73.13,0.52,0.05,3318.0,0.281
27.0457,81.9022,2022-02-16,0,15.74,71.05,2.1,0.0,106.0,0.518
28.828,80.306,2014-03-12,0,20.05,58.18,1.73,1.98,195.0,0.981
30.4514,88.3912,2015-05-26,0,2.96,31.43,3.61,0.0,5008.0,0.518
27.3178,86.1067,2015-12-19,0,4.72,52.08,1.13,0.0,1529.0,0.41
29.0556,84.1323,2024-07-06,0,5.25,88.39,4.12,60.25,5140.0,0.103
29.4323,81.3561,2023-04-20,0,12.86,55.97,1.48,0.33,2219.0,0.653
28.852,88.3882,2024-12-05,0,-3.61,34.15,3.74,0.0,4894.0,0.308
29.8858,84.4856,2012-09-12,0,5.39,69.88,2.53,11.37,5529.0,0.27
30.4658,83.5387,2018-12-10,0,-16.8,72.41,4.03,0.0,5664.0,0.045
30.3262,88.5367,2016-10-05,0,2.97,71.76,2.76,0.13,4836.0,0.214
27.2421,81.2657,2016-10-16,0,24.92,55.35,0.73,0.0,113.0,1.408
27.9103,85.8795,2024-03-02,0,5.95,48.07,1.88,0.03,2870.0,0.484
30.114,84.6734,2012-08-21,0,5.74,67.12,1.23,1.8,5570.0,0.302
28.435,83.7973,2019-01-22,0,-0.87,73.89,1.2,4.77,3031.0,0.15
29.0626,87.2851,2013-07-01,0,10.91,61.39,2.56,0.71,5531.0,0.504
28.7935,83.4817,2016-07-17,0,4.7,85.61,2.36,5.62,5552.0,0.123
28.2983,81.254,2018-12-23,0,14.99,47.46,1.16,0.0,155.0,0.895
28.1164,88.032,2015-10-15,0,-0.76,77.16,1.97,0.38,4830.0,0.132
27.8835,87.1005,2019-01-02,0,-13.97,63.75,2.69,0.0,7430.0,0.075
26.6114,83.0737,2015-05-21,0,34.66,22.27,2.87,0.05,83.0,4.289
27.6365,83.4356,2022-12-01,0,17.26,75.6,1.41,0.0,133.0,0.481
29.0845,85.6679,2013-05-03,0,-3.19,50.7,4.55,0.0,4965.0,0.238
29.1329,85.4651,2018-01-28,0,-11.51,44.22,5.28,0.0,4788.0,0.141
27.5532,89.1074,2023-12-16,0,2.64,71.27,0.66,0.0,4927.0,0.212
29.2544,89.21,2023-10-18,0,-1.03,66.45,2.44,0.03,3959.0,0.19
29.7454,88.1337,2021-12-28,0,-10.19,56.79,2.54,0.03,5092.0,0.122
27.5345,81.5808,2020-06-12,0,35.86,45.53,0.91,0.04,116.0,3.211
28.2599,81.9395,2014-07-25,0,23.94,83.3,1.39,16.59,418.0,0.497
29.0756,80.2049,2018-02-28,0,22.08,33.35,1.75,0.0,1190.0,1.771
29.2993,81.2359,2017-05-09,0,15.54,61.68,1.82,5.66,1004.0,0.677
27.1572,88.7842,2020-12-21,0,12.58,64.01,0.73,0.0,1772.0,0.524
29.8921,80.058,2012-02-04,0,4.16,58.64,1.22,0.53,1786.0,0.34
29.8882,87.7154,2013-10-12,0,-0.4,64.35,2.12,0.0,5463.0,0.211
30.3713,83.676,2013-04-05,0,-12.77,84.61,4.67,0.12,5323.0,0.035
28.8029,89.0785,2016-08-15,0,10.1,70.79,1.67,1.45,5195.0,0.361
27.8576,85.9178,2024-02-18,0,4.21,55.27,1.43,0.01,2312.0,0.369
28.2854,83.1802,2017-06-14,0,,,,,998.0,
26.7975,82.9294,2012-04-23,0,32.8,19.57,3.89,0.0,84.0,4.001
26.4464,84.4564,2018-01-29,0,14.69,37.05,1.31,0.0,71.0,1.052
28.8818,81.2906,2020-07-15,0,23.17,85.47,1.01,1.01,1555.0,0.412
27.1542,81.3524,2018-12-09,0,16.51,51.6,1.15,0.0,111.0,0.909
27.5612,83.3313,2023-01-01,0,14.6,74.81,1.06,0.0,110.0,0.419
26.3483,85.0306,2014-11-16,0,19.35,59.43,1.11,0.0,61.0,0.911
28.2685,84.298,2024-08-21,0,10.54,93.37,1.65,0.56,1535.0,0.084
27.5217,80.2925,2017-03-26,0,29.48,16.06,2.84,0.01,140.0,3.457
30.2841,84.1861,2013-06-02,0,4.46,62.24,1.4,1.07,5556.0,0.317
28.2926,80.0928,2016-06-09,0,34.45,37.52,2.2,1.77,172.0,3.408
29.1224,89.1634,2023-11-28,0,-1.19,54.47,2.88,0.0,4772.0,0.255
29.3519,87.2508,2016-07-18,0,10.41,60.93,1.85,0.87,4541.0,0.493
28.5764,87.8989,2019-05-24,0,3.8,57.57,2.82,0.49,4578.0,0.34
27.5657,85.6866,2014-05-22,0,27.16,25.44,1.84,0.01,1100.0,2.683
26.96,84.2573,2015-12-31,0,18.06,46.77,1.08,0.0,83.0,1.103
28.0388,81.8297,2018-12-20,0,15.7,46.65,1.16,0.0,184.0,0.952
26.5215,85.9882,2018-10-17,0,24.68,59.97,0.88,0.0,66.0,1.244
30.1284,88.9432,2022-09-09,0,6.24,55.89,1.47,0.58,5092.0,0.419
28.9278,85.8696,2015-03-03,0,-14.05,83.23,4.0,1.43,5364.0,0.035
30.1926,89.4949,2014-04-22,0,-1.9,45.32,3.37,0.0,5031.0,0.291
29.5394,86.9169,2021-12-08,0,-9.71,46.24,3.32,0.0,5518.0,0.157
29.0921,85.3795,2012-11-18,0,-9.93,42.99,3.31,0.0,4690.0,0.164
26.7315,87.6762,2012-09-17,0,24.91,91.8,1.65,14.48,182.0,0.258
29.0709,86.2737,2017-02-01,0,-12.99,59.81,2.19,0.0,5614.0,0.09
29.0746,88.99,2020-10-02,0,8.41,66.71,2.27,0.0,4336.0,0.367
28.1494,86.9247,2019-03-28,0,-4.32,54.3,1.71,0.0,6344.0,0.203
29.9573,83.2146,2012-01-19,0,-22.04,76.67,6.2,0.0,4591.0,0.024
28.2079,84.9199,2012-06-03,0,23.15,44.72,2.19,0.0,2708.0,1.567
30.1659,88.2299,2019-08-09,0,5.85,74.98,1.88,2.29,5149.0,0.232
26.579,82.2795,2013-08-24,0,28.69,81.66,1.73,0.0,101.0,0.722
29.1405,88.0461,2013-04-19,0,0.71,41.53,2.77,0.01,4284.0,0.376
30.3419,84.4398,2014-01-09,0,-17.03,81.88,8.54,0.0,4954.0,0.029
29.9417,86.6564,2022-06-16,0,4.84,56.32,3.28,4.07,5204.0,0.377
26.9161,82.5004,2017-12-26,0,14.63,55.04,1.94,0.0,95.0,0.749
26.5267,83.5777,2020-12-15,0,17.28,57.21,2.36,0.69,78.0,0.844
27.3118,80.2008,2018-09-24,0,26.62,87.59,2.66,5.73,140.0,0.433
28.6414,88.3392,2018-12-21,0,-11.34,39.62,3.26,0.0,5486.0,0.155
28.2246,83.8585,2012-11-13,0,14.61,65.85,1.21,0.0,1124.0,0.568
27.5557,88.7551,2024-09-16,0,11.6,87.2,1.28,0.8,4493.0,0.175
27.1833,88.1197,2016-10-27,0,17.73,67.61,1.01,0.0,2829.0,0.657
29.6583,89.4798,2012-09-26,0,4.76,61.84,1.56,0.0,5087.0,0.327
27.3434,85.1799,2020-02-26,0,14.02,68.4,1.52,10.57,305.0,0.506
27.3529,87.2551,2020-09-11,0,15.77,94.04,2.1,1.35,512.0,0.107
30.2161,88.8432,2022-07-16,0,8.4,54.99,2.81,0.01,5339.0,0.496
26.8926,86.1395,2017-03-04,0,21.69,28.54,2.61,0.01,112.0,1.854
28.1764,83.2217,2014-11-28,0,14.38,51.0,1.28,0.0,1411.0,0.803
26.921,81.305,2015-02-22,0,22.98,39.97,2.66,0.0,120.0,1.684
26.3287,81.3856,2017-11-03,0,22.06,73.05,1.14,0.0,114.0,0.715
29.668,82.405,2022-05-28,0,5.53,84.48,2.57,0.09,4863.0,0.14
28.484,86.0065,2021-09-02,0,4.86,83.03,1.78,3.39,5333.0,0.147
29.9027,83.8252,2021-08-30,0,4.11,80.35,2.34,10.49,4715.0,0.161
27.9371,87.9504,2021-04-10,0,-5.89,62.56,3.11,0.59,5793.0,0.147
29.4493,85.8997,2012-03-06,0,-9.99,57.84,6.54,0.0,4899.0,0.121
30.4738,81.8273,2019-07-27,0,5.15,78.17,3.34,3.42,5264.0,0.192
27.3128,82.1553,2021-11-04,0,17.75,82.31,1.87,0.0,104.0,0.359
29.1516,85.0191,2014-01-22,0,-10.87,82.57,2.96,0.0,4517.0,0.046
29.6402,82.1107,2016-08-03,0,15.53,85.83,1.51,7.7,3612.0,0.25
30.1038,81.3669,2020-04-03,0,-6.42,85.98,1.6,0.0,4975.0,0.053
27.4855,80.2126,2012-08-18,0,29.97,80.24,1.3,11.55,144.0,0.837
26.5817,85.7632,2016-12-05,0,16.3,60.12,1.43,0.0,61.0,0.739
28.1078,82.6595,2016-09-03,0,25.17,89.8,2.56,0.11,1324.0,0.326
28.5597,83.4752,2015-06-14,0,11.69,82.67,1.86,6.58,3237.0,0.238
27.6285,85.7732,2015-04-19,0,23.02,44.41,1.69,0.04,1951.0,1.564
28.3818,86.5707,2017-06-16,0,4.6,61.33,2.61,0.11,4953.0,0.328
28.4237,88.8683,2014-11-24,0,-7.9,40.29,1.65,0.0,5046.0,0.201
30.4328,88.1737,2021-06-11,0,5.1,59.36,1.54,0.19,5153.0,0.357
27.9149,81.621,2024-09-02,0,27.8,83.26,1.43,2.13,144.0,0.625
28.3064,87.0077,2023-06-20,0,5.64,64.85,2.42,2.07,4491.0,0.321
28.4545,83.8139,2013-02-12,0,2.08,44.9,1.57,0.0,3126.0,0.391
28.8014,89.1645,2020-07-05,0,10.59,68.63,2.18,1.65,4376.0,0.401
27.023,83.0635,2013-12-28,0,14.23,76.89,1.62,0.02,85.0,0.375
28.4082,80.1841,2020-02-29,0,18.69,78.59,1.01,2.08,177.0,0.461
29.2666,80.6478,2018-12-06,0,8.81,66.69,1.16,0.0,1657.0,0.378
26.3448,87.3307,2022-12-26,0,17.46,68.6,1.58,0.0,61.0,0.626
27.6751,83.2185,2016-07-25,0,28.63,85.53,1.92,40.8,148.0,0.567
27.5417,88.8827,2017-05-21,0,10.54,81.78,1.77,6.06,4174.0,0.232
28.7627,83.1295,2019-03-17,0,-8.68,72.58,1.68,0.08,5454.0,0.087
28.2116,81.604,2023-07-31,0,29.88,81.12,1.18,18.96,158.0,0.796
30.419,81.4275,2017-02-16,0,-6.16,59.15,1.93,0.0,5503.0,0.157
27.0386,89.099,2019-09-26,0,,,,,2875.0,
29.2075,84.4647,2014-01-24,0,,,,,4621.0,
29.3153,83.608,2016-05-14,0,,,,,,
27.7339,89.2225,2012-10-03,0,10.01,87.66,1.38,0.24,,0.152
27.453,82.5414,2020-01-31,0,13.2,66.98,1.85,0.01,100.0,0.501
28.8696,87.3096,2024-11-16,0,,,,,5027.0,
26.906,82.2298,2016-02-26,0,,,,,,
30.3616,82.016,2022-03-05,0,-16.56,70.26,2.89,0.01,5651.0,0.05
27.1595,84.2933,2019-07-14,0,29.46,87.06,3.86,29.96,97.0,0.532
29.3763,84.6152,2024-04-07,0,-4.52,63.49,3.35,0.0,4640.0,0.159
27.1432,83.8334,2022-11-04,0,22.07,82.08,0.72,0.0,93.0,0.476
29.214,81.3323,2012-02-15,0,9.5,65.4,1.34,0.04,2312.0,0.411
27.6458,86.1631,2014-03-02,0,8.09,52.18,1.5,0.56,2186.0,0.516
29.1074,85.6454,2014-03-20,0,-9.17,58.53,3.25,0.0,4814.0,0.127
29.4738,80.5865,2024-06-06,0,22.39,48.46,1.87,0.95,1598.0,1.395
26.9301,83.1455,2023-04-10,0,27.74,25.99,2.96,0.0,78.0,2.755
28.0453,85.5321,2021-05-26,0,14.45,77.28,1.7,3.61,2614.0,0.374
27.6073,83.6918,2016-09-14,0,27.87,79.01,0.83,1.74,148.0,0.787
28.2085,81.6949,2024-08-08,0,28.08,86.8,1.71,3.79,174.0,0.501
27.0067,82.4126,2023-08-10,0,28.66,87.07,1.53,12.88,93.0,0.508
27.9676,85.8,2016-04-02,0,10.29,54.08,1.97,0.0,1661.0,0.575
30.2117,85.4482,2018-01-28,0,-16.26,57.16,6.56,0.0,5258.0,0.073
29.7416,86.44,2023-10-01,0,3.27,75.19,2.14,0.05,5409.0,0.192
30.2478,83.7756,2013-06-21,0,8.51,64.36,1.93,0.67,5200.0,0.396
30.4442,83.9365,2017-04-05,0,,,,,5500.0,
28.2986,86.8984,2022-10-25,0,-3.42,57.64,1.77,0.03,4529.0,0.201
29.5141,85.8648,2016-08-23,0,6.43,72.61,1.89,0.89,5266.0,0.264
30.2395,80.1889,2013-02-04,0,3.37,89.75,1.05,14.53,4297.0,0.08
27.0703,80.9551,2018-02-09,0,17.81,24.52,2.48,0.0,128.0,1.539
27.6426,86.1569,2016-12-06,0,11.2,55.62,1.16,0.0,2027.0,0.59
29.7865,89.3501,2018-06-11,0,5.57,70.27,1.42,2.51,5145.0,0.27
26.9887,88.2746,2014-06-18,0,24.5,76.58,1.19,11.24,2285.0,0.72
28.6908,85.7724,2013-01-03,0,-14.06,51.25,2.66,0.02,4755.0,0.1
27.5156,89.2085,2019-08-03,0,13.19,88.72,1.13,4.24,4089.0,0.171
26.9325,86.8281,2012-12-18,0,13.77,53.05,1.31,0.0,1407.0,0.739
28.9026,84.4683,2023-06-06,0,-0.58,78.45,3.02,0.12,5223.0,0.126
29.1332,86.296,2019-02-08,0,-10.85,69.15,7.44,2.5,5028.0,0.082
29.5244,85.5735,2020-07-25,0,7.79,69.78,2.0,3.3,5146.0,0.32
29.6478,83.2871,2017-01-29,0,-12.67,65.28,2.79,0.13,5103.0,0.08
28.2278,82.6994,2017-04-26,0,27.4,24.19,2.91,0.0,768.0,2.767
28.7245,89.0623,2021-04-23,0,-3.52,54.04,4.65,0.04,5141.0,0.216
29.2029,87.6012,2019-06-10,0,7.94,38.27,1.97,0.63,4833.0,0.66
30.4887,82.6704,2024-02-21,0,-14.91,80.54,9.48,0.02,5171.0,0.037
26.9126,84.3568,2023-10-23,0,24.26,72.41,1.16,0.0,81.0,0.836
27.8929,88.958,2020-02-01,0,-12.64,63.85,3.51,0.06,4766.0,0.084
28.8298,85.8163,2020-08-08,0,8.39,77.65,1.18,6.74,4684.0,0.246
27.7367,85.0353,2020-02-08,0,12.23,49.3,1.31,0.02,1097.0,0.722
29.8044,80.8022,2013-12-20,0,-3.81,81.7,1.3,0.1,1934.0,0.084
26.4076,85.4067,2022-01-22,0,16.33,69.98,1.36,0.02,63.0,0.557
30.0669,84.1535,2014-08-25,0,1.82,73.27,2.46,2.57,5499.0,0.186
27.5976,85.7427,2021-08-16,0,22.99,92.18,1.3,7.39,1101.0,0.22
28.4219,88.7215,2017-01-24,0,-8.08,35.1,1.87,0.0,4864.0,0.216
27.2234,80.9232,2012-05-12,0,36.07,20.54,2.69,0.06,136.0,4.739
26.6413,88.2055,2020-10-18,0,26.49,83.89,0.92,0.01,125.0,0.557
28.6295,85.8543,2015-07-23,0,6.32,80.25,1.33,2.73,4793.0,0.189
28.4769,80.0646,2019-10-18,0,25.4,73.9,0.75,0.0,182.0,0.847
30.246,81.7142,2018-04-19,0,1.92,69.76,2.55,0.31,4632.0,0.212
29.7526,80.931,2017-10-05,0,10.74,75.82,1.55,0.0,3794.0,0.312
29.1171,83.7433,2017-04-05,0,-8.14,90.94,2.24,29.32,5540.0,0.03
29.9031,81.7579,2021-02-05,0,-9.24,87.97,2.63,0.64,4846.0,0.036
26.5572,87.1186,2024-01-22,0,14.33,53.06,1.23,0.0,83.0,0.767
27.312,86.1169,2015-10-24,0,12.45,65.04,1.12,0.11,1701.0,0.505
29.5335,88.8862,2015-05-07,0,2.6,45.41,1.83,0.02,5605.0,0.402
28.4959,80.2766,2022-03-19,0,28.61,48.22,1.26,0.0,195.0,2.028
30.1716,87.1803,2018-01-24,0,-16.7,61.62,3.68,0.09,5381.0,0.063
28.4519,80.6791,2014-07-17,0,30.59,77.05,1.46,29.05,157.0,1.007
30.1065,87.3942,2016-12-05,0,-6.9,40.5,2.09,0.0,4970.0,0.217
27.4411,87.6266,2019-04-29,0,13.65,62.54,2.15,1.03,1529.0,0.585
27.831,81.8405,2012-12-30,0,13.63,50.09,1.5,0.0,130.0,0.779
26.6352,86.8348,2022-04-09,0,28.23,50.48,1.96,0.59,115.0,1.897
29.9952,80.1587,2014-02-13,0,3.67,53.07,1.73,2.14,1699.0,0.373
28.8747,85.4555,2015-07-04,0,9.1,55.73,2.24,2.84,4990.0,0.512
30.1941,81.9179,2015-03-29,0,-0.98,82.6,1.83,3.07,5621.0,0.099
27.6501,85.8134,2012-02-22,0,16.22,43.53,1.89,0.0,1920.0,1.041
30.3734,86.8113,2018-01-10,0,-11.04,37.15,4.25,0.0,5269.0,0.165
27.6468,81.1127,2013-08-05,0,29.27,87.53,1.44,7.13,124.0,0.507
29.6491,82.5355,2020-10-19,0,1.56,53.19,1.6,0.15,3578.0,0.32
29.4083,87.0445,2013-01-27,0,-15.65,41.86,2.53,0.0,4668.0,0.105
27.7955,80.4381,2020-02-14,0,18.24,61.98,3.09,0.0,141.0,0.797
27.4267,87.5949,2024-12-24,0,3.65,81.19,1.35,0.0,1719.0,0.149
28.4671,81.9426,2023-04-09,0,21.06,31.64,1.81,0.0,1033.0,1.706
27.9755,84.0725,2019-03-26,0,15.19,66.47,1.6,9.65,456.0,0.579
26.8995,86.6598,2023-02-17,0,18.13,48.0,1.44,0.0,745.0,1.082
29.4181,81.6984,2023-03-25,0,5.21,79.17,1.71,7.11,2254.0,0.184
28.4766,85.1249,2012-09-01,0,9.02,81.23,1.1,20.14,4665.0,0.216
29.4615,88.7705,2021-05-26,0,8.53,64.48,3.26,3.08,5216.0,0.395
28.6839,87.5263,2014-12-06,0,-4.47,31.23,2.17,0.0,5313.0,0.302
26.8001,83.2293,2024-06-29,0,33.86,59.19,1.73,8.81,76.0,2.154
30.4282,82.2508,2018-03-15,0,-11.31,80.33,6.28,2.15,5016.0,0.051
29.1692,86.9931,2019-02-13,0,-8.97,54.12,2.4,0.0,4210.0,0.142
26.38,86.7272,2015-10-04,0,26.73,63.04,0.87,0.0,66.0,1.297
29.1293,89.4954,2014-04-09,0,1.32,47.76,3.57,0.53,3995.0,0.351
27.8478,86.7407,2016-10-09,0,1.69,89.75,2.15,5.11,3787.0,0.071
28.5904,82.2416,2021-01-24,0,6.92,41.62,1.58,0.0,1152.0,0.582
27.2717,87.3186,2018-07-27,0,16.67,86.82,2.04,17.44,606.0,0.25
28.8576,85.6943,2012-04-13,0,-3.38,55.17,5.16,0.01,4797.0,0.213
26.6693,84.9533,2020-01-08,0,15.76,67.67,0.9,0.74,68.0,0.579
27.3353,84.9391,2016-05-25,0,27.05,52.56,2.22,9.24,527.0,1.696
30.0942,81.6081,2015-03-18,0,-6.41,91.04,1.79,0.58,3751.0,0.034
26.411,83.2953,2015-04-28,0,31.02,40.9,1.65,0.1,78.0,2.658
28.5961,88.8903,2021-05-14,0,-0.43,65.5,4.68,0.91,5232.0,0.204
28.7869,87.3772,2013-02-14,0,-9.89,34.39,3.33,0.0,5282.0,0.189
28.8877,88.2968,2012-05-23,0,5.73,40.06,3.95,0.0,5481.0,0.55
29.1597,86.5549,2022-10-20,0,-3.86,60.11,2.91,0.0,4808.0,0.183
30.0,88.6227,2016-03-26,0,1.11,18.77,3.33,0.0,5111.0,0.538
28.4216,88.1518,2022-08-23,0,6.54,75.71,2.64,5.39,4451.0,0.236
26.8563,85.8869,2012-03-03,0,20.51,21.97,1.87,0.0,110.0,1.883
28.1839,87.9479,2012-12-07,0,-3.7,35.51,1.69,0.0,4399.0,0.3
29.4856,88.8579,2024-11-28,0,-6.41,59.54,2.04,0.0,4988.0,0.153
30.4277,84.6305,2024-08-26,0,5.0,75.01,3.0,0.07,5593.0,0.218
29.0992,87.182,2024-12-13,0,-8.61,30.56,4.97,0.0,4386.0,0.221
27.8839,82.235,2013-12-18,0,12.95,76.03,1.23,0.0,450.0,0.358
28.6979,81.334,2015-11-18,0,21.43,37.32,1.4,0.0,543.0,1.601
28.8667,88.0411,2014-10-30,0,-0.52,47.88,2.59,0.01,4538.0,0.307
27.8862,88.1915,2021-04-16,0,-3.86,79.53,2.39,11.09,5627.0,0.094
29.4178,86.288,2018-11-29,0,-7.64,48.52,3.44,0.0,5144.0,0.177
27.7285,89.0907,2018-10-24,0,2.83,74.04,0.89,0.0,4279.0,0.194
28.0608,86.4077,2013-12-11,0,-5.0,77.49,1.76,0.0,4446.0,0.095
26.6375,87.0566,2024-01-14,0,15.91,56.33,1.14,0.0,88.0,0.789
29.082,87.7429,2015-06-23,0,10.27,54.95,2.53,3.31,4157.0,0.563
29.1997,87.5329,2019-01-10,0,-12.43,54.44,2.86,0.07,4764.0,0.107
28.1123,86.5757,2015-06-04,0,2.69,73.21,2.18,0.62,6075.0,0.199
27.0339,84.7998,2017-02-20,0,23.48,40.37,1.67,0.0,84.0,1.725
28.8687,86.7202,2024-11-01,0,1.18,35.64,1.48,0.0,5295.0,0.428
28.2576,82.2966,2020-03-12,0,11.55,61.41,1.48,0.22,1594.0,0.525
27.3299,86.5714,2017-07-27,0,15.42,88.49,1.85,0.83,1510.0,0.202
27.508,85.8093,2020-06-08,0,23.42,67.79,1.62,1.04,769.0,0.928
29.9831,85.8363,2021-10-06,0,-1.75,70.32,2.52,1.94,5372.0,0.159
27.5529,88.2848,2023-05-27,0,6.03,84.24,1.82,10.22,3629.0,0.148
29.5078,83.8602,2021-10-22,0,-8.42,77.28,1.51,7.36,5301.0,0.074
28.0635,87.8399,2017-05-07,0,0.61,52.49,1.52,0.0,5663.0,0.303
28.5276,82.1338,2023-11-14,0,17.33,70.83,1.01,0.0,1301.0,0.577
28.1624,85.6315,2018-07-25,0,14.55,91.57,1.53,5.26,4988.0,0.14
29.9434,80.4967,2017-08-08,0,13.86,88.41,1.92,2.34,2163.0,0.184
27.1576,83.8539,2017-01-28,0,16.85,70.36,2.73,0.11,96.0,0.569
30.1978,82.9947,2023-12-05,0,-9.76,84.81,3.32,0.47,4624.0,0.044
27.1121,84.3537,2019-02-14,0,20.44,44.59,1.2,0.14,93.0,1.331
29.1691,83.816,2014-04-27,0,-4.26,76.67,3.1,3.17,5093.0,0.104
26.5921,88.3093,2020-02-06,0,15.29,49.92,1.44,0.0,105.0,0.87
28.1235,84.5835,2013-09-12,0,21.36,90.25,1.4,0.32,1171.0,0.248
26.9854,85.5119,2023-11-12,0,21.17,73.97,1.08,0.0,102.0,0.654
29.7813,86.4324,2022-12-06,0,-12.98,44.46,3.6,0.0,5746.0,0.125
29.8952,81.0939,2018-04-27,0,0.8,78.31,2.4,1.13,4361.0,0.14
27.8142,83.2464,2018-03-29,0,21.44,24.45,2.01,0.01,654.0,1.93
30.3927,81.6574,2012-12-07,0,-10.43,59.25,2.41,0.0,5072.0,0.113
26.3839,83.2092,2015-08-29,0,29.74,81.51,1.65,17.83,77.0,0.773
28.2452,87.8611,2018-05-16,0,1.7,77.93,1.89,0.54,5036.0,0.152
26.8805,86.2147,2014-11-08,0,21.55,68.89,1.3,0.0,287.0,0.8
26.6241,88.9643,2017-09-03,0,27.46,89.52,1.24,7.95,87.0,0.384
26.4896,81.9899,2012-03-19,0,26.14,36.08,1.45,0.0,104.0,2.166
28.2612,84.3576,2016-06-28,0,12.13,95.55,1.61,3.6,894.0,0.063
27.6747,85.8899,2023-11-16,0,17.19,72.36,1.03,0.0,1908.0,0.542
28.2408,89.3039,2013-04-05,0,-1.81,65.81,3.54,0.45,4730.0,0.183
30.1468,88.3646,2024-09-21,0,5.55,74.79,1.97,0.66,5141.0,0.228
27.2407,84.2538,2019-04-22,0,29.86,36.15,1.68,4.53,114.0,2.688
29.0459,88.5096,2021-05-06,0,4.93,51.11,3.24,2.35,3989.0,0.424
28.1145,88.0453,2020-06-23,0,5.52,84.97,2.18,8.56,4834.0,0.136
29.5068,84.6514,2012-04-10,0,-2.73,58.41,2.81,0.06,4712.0,0.208
29.9556,82.4991,2015-12-11,0,-12.4,87.91,6.34,0.26,5183.0,0.028
29.7605,81.3425,2018-07-07,0,10.92,73.53,2.42,0.0,3536.0,0.346
29.8972,82.9661,2015-09-30,0,0.3,44.66,1.74,0.0,4975.0,0.345
30.3835,88.5461,2024-11-25,0,-9.84,49.97,2.59,0.0,4830.0,0.145
30.4029,81.9443,2014-01-27,0,-20.81,76.06,2.53,0.0,5570.0,0.028
29.0842,80.8237,2014-04-20,0,23.45,40.31,1.32,0.01,1926.0,1.723
27.5927,88.9972,2021-08-11,0,14.28,93.0,1.43,10.2,4514.0,0.114
27.6878,80.7322,2015-12-02,0,21.04,52.27,1.77,5.26,144.0,1.19
26.838,84.8435,2015-06-22,0,31.39,63.03,3.75,1.62,73.0,1.698
27.8623,87.2234,2017-02-02,0,-5.68,62.02,1.29,0.0,4425.0,0.152
29.9198,83.8412,2012-07-10,0,8.56,65.25,2.99,0.49,4764.0,0.387
28.1186,81.1706,2014-01-30,0,15.72,55.0,1.36,0.0,135.0,0.804
30.0627,86.4864,2012-06-18,0,7.81,44.71,1.88,0.2,4845.0,0.586
26.5079,86.6774,2019-12-12,0,17.21,71.23,0.91,0.0,81.0,0.565
29.9745,82.9915,2018-04-26,0,-2.18,66.21,2.13,0.05,4865.0,0.176
30.2322,82.6142,2018-03-01,0,-9.3,79.08,2.37,0.01,4949.0,0.063
29.1417,82.5118,2012-05-05,0,5.77,56.97,1.7,6.06,3756.0,0.396
28.5785,85.4256,2017-06-14,0,2.26,75.7,2.74,1.1,5054.0,0.175
29.8261,82.1994,2016-11-01,0,-7.55,64.62,2.06,0.0,3461.0,0.123
27.1335,85.8121,2023-09-16,0,27.35,86.59,1.32,0.27,496.0,0.488
27.3364,80.8241,2020-04-12,0,29.67,35.71,2.58,0.0,133.0,2.677
29.6652,86.1581,2018-01-23,0,-10.95,33.15,4.7,0.0,5327.0,0.177
26.4647,89.1851,2014-03-26,0,26.06,38.77,1.26,2.21,57.0,2.066
27.6529,85.4961,2012-04-11,0,20.4,54.06,1.7,1.51,1608.0,1.101
27.6279,81.6353,2019-05-26,0,35.09,21.51,3.09,0.06,125.0,4.435
29.8741,85.5404,2017-03-06,0,-15.49,55.26,5.94,0.0,6031.0,0.082
28.1236,84.9085,2023-12-31,0,8.71,54.44,1.07,0.0,2375.0,0.513
26.5352,88.1578,2015-01-12,0,16.41,45.8,1.2,0.0,90.0,1.012
29.8487,87.1245,2022-04-13,0,-1.13,47.01,3.9,0.02,5059.0,0.298
28.8516,88.7568,2017-06-27,0,11.15,65.52,1.83,2.93,4532.0,0.457
30.1601,84.011,2017-09-23,0,3.6,80.69,3.3,0.87,5393.0,0.153
29.7617,88.9048,2020-10-17,0,2.16,40.08,1.93,0.0,5193.0,0.428
27.9646,84.0042,2021-08-16,0,23.19,93.14,1.43,11.27,802.0,0.195
27.0422,83.0163,2019-11-17,0,19.27,84.06,2.06,0.0,86.0,0.356
28.9233,86.6069,2015-06-03,0,4.33,44.46,3.26,0.04,5183.0,0.462
27.1563,86.8238,2017-03-29,0,23.61,56.05,1.47,2.36,1130.0,1.281
26.7786,84.1276,2022-10-12,0,25.26,85.22,0.61,1.15,84.0,0.475
28.7108,87.7154,2020-04-11,0,-3.47,58.57,2.09,0.27,5248.0,0.196
26.808,85.4526,2024-01-01,0,16.2,54.01,1.46,0.0,80.0,0.847
29.0234,83.9936,2023-12-12,0,-13.73,66.56,2.94,0.35,4073.0,0.071
29.1334,86.5026,2012-01-16,0,-13.66,76.09,4.51,0.01,5186.0,0.051
27.9735,88.7458,2012-01-18,0,-12.76,68.74,3.81,0.01,5194.0,0.072
28.3762,81.8075,2018-11-23,0,15.36,62.68,1.31,0.0,915.0,0.651
26.904,80.5704,2012-03-06,0,23.9,36.29,2.11,0.02,130.0,1.89
27.4112,88.4202,2021-09-25,0,9.68,91.23,1.56,2.89,2493.0,0.105
26.558,80.5945,2014-08-26,0,34.12,53.82,2.39,0.37,127.0,2.473
29.6296,84.1518,2017-11-30,0,-10.68,61.38,2.15,0.0,4559.0,0.105
27.3874,85.0729,2019-06-08,0,,,,,476.0,
27.3424,86.652,2021-12-09,0,3.96,60.22,1.3,0.0,1824.0,0.323
27.7271,80.4365,2016-03-05,0,27.65,21.8,1.16,0.0,140.0,2.896
27.2257,85.4434,2015-07-13,0,29.42,76.08,1.35,0.17,236.0,0.982
29.735,89.3905,2014-08-02,0,9.33,79.9,2.14,20.98,4395.0,0.236
28.5854,85.0672,2019-11-21,0,0.36,69.22,1.05,0.0,5371.0,0.193
28.2486,84.956,2024-06-22,0,20.52,84.54,2.02,8.21,2942.0,0.373
29.8903,83.6271,2020-08-13,0,6.89,81.5,2.32,2.57,4575.0,0.184
28.9985,87.0979,2016-06-08,0,7.16,43.01,2.76,0.09,5188.0,0.577
29.2668,86.0391,2015-06-20,0,6.63,58.24,1.95,2.7,5139.0,0.408
30.3386,87.6747,2022-03-21,0,-2.61,47.04,4.77,0.0,5656.0,0.267
29.795,87.4297,2023-10-14,0,-0.95,48.14,2.71,0.02,5346.0,0.296
28.7057,85.408,2016-01-11,0,-9.26,43.5,1.4,0.0,5672.0,0.171
27.1436,85.7057,2015-11-11,0,21.86,56.45,1.52,0.0,332.0,1.142
28.0192,81.7089,2023-09-04,0,28.4,83.02,1.14,0.55,137.0,0.657
29.6363,84.1714,2015-05-08,0,-0.52,56.58,1.84,0.0,4565.0,0.255
28.3371,81.7486,2021-02-24,0,18.14,32.4,2.06,0.0,413.0,1.408
27.5845,86.0915,2012-09-10,0,17.41,91.24,1.26,9.6,1092.0,0.174
28.5295,88.1569,2014-06-18,0,9.49,60.81,3.18,2.5,4665.0,0.465
29.4573,85.8684,2021-09-27,0,2.48,69.17,2.03,6.99,5115.0,0.225
30.3075,82.9047,2016-08-27,0,5.33,72.06,3.56,0.24,4648.0,0.249
26.9569,89.3635,2022-04-28,0,17.56,67.8,0.5,0.36,1167.0,0.646
27.6765,88.8269,2016-05-03,0,8.79,80.8,1.37,1.16,4563.0,0.217
30.2555,86.3706,2016-09-14,0,6.53,56.97,2.08,0.35,4714.0,0.417
28.7079,87.6375,2019-05-27,0,3.15,52.89,2.78,0.93,5605.0,0.361
30.3732,81.4208,2017-05-08,0,0.65,72.17,2.48,0.13,5751.0,0.178
29.9258,84.2764,2018-06-04,0,1.0,46.58,3.41,0.68,5558.0,0.351
29.2082,86.5107,2020-04-19,0,-1.99,60.29,3.91,0.26,4355.0,0.21
26.479,84.814,2012-10-24,0,21.57,77.26,1.68,0.01,66.0,0.586
27.5061,86.7925,2016-04-15,0,11.71,47.03,2.0,1.76,1939.0,0.729
29.5304,89.1473,2014-12-07,0,-2.91,34.45,2.3,0.0,4713.0,0.323
29.5866,81.2963,2023-02-11,0,4.95,74.01,1.89,0.0,2568.0,0.226
27.5424,81.9666,2014-02-11,0,15.88,39.46,2.2,0.08,115.0,1.092
28.9671,84.7138,2017-07-28,0,6.56,81.52,2.5,2.22,5001.0,0.18
29.1442,87.831,2020-11-27,0,-3.94,45.03,2.91,0.02,4668.0,0.251
29.7828,82.4224,2022-01-23,0,-17.44,97.47,3.92,1.41,4854.0,0.004
29.0654,84.3093,2015-11-18,0,-8.31,60.21,2.02,0.0,5346.0,0.13
29.8793,84.8489,2018-08-07,0,2.06,86.8,2.67,5.96,5461.0,0.094
28.1547,86.5136,2020-11-21,0,-6.68,81.33,2.58,0.0,5301.0,0.069
26.9129,84.6163,2019-02-03,0,17.95,42.73,1.93,0.0,81.0,1.178
26.6042,88.441,2012-11-03,0,21.81,54.2,0.78,0.0,102.0,1.197
26.6542,88.9968,2022-06-05,0,27.94,86.28,1.7,6.59,86.0,0.517
29.4381,86.9043,2021-09-06,0,4.97,74.57,1.88,1.64,4521.0,0.221
30.1499,80.873,2022-08-09,0,14.6,79.88,1.76,2.13,3080.0,0.334
27.0761,87.2512,2022-10-26,0,18.05,84.39,1.04,0.0,1214.0,0.323
29.34,80.4155,2022-11-03,0,14.2,74.09,1.02,0.0,777.0,0.42
30.2177,86.3212,2017-03-10,0,-13.34,65.92,7.64,0.39,5218.0,0.074
27.9863,86.1097,2019-09-24,0,6.04,82.88,0.97,8.61,5078.0,0.161
29.3428,85.0553,2024-06-14,0,2.66,61.31,2.59,5.13,4557.0,0.286
27.5732,87.7738,2021-09-29,0,14.28,89.43,1.36,4.75,3043.0,0.172
27.9844,85.2662,2021-11-06,0,11.97,76.17,1.18,0.0,947.0,0.334
28.0252,81.002,2016-06-26,0,32.97,61.25,2.12,5.95,135.0,1.946
26.5783,85.6232,2018-03-28,0,28.12,23.08,1.86,0.0,65.0,2.928
27.4755,81.9537,2016-05-14,0,36.16,31.42,1.81,0.1,116.0,4.11
27.4382,89.2501,2024-03-30,0,6.57,85.38,1.27,2.08,3197.0,0.142
28.1671,87.3553,2014-01-17,0,-6.31,54.24,1.52,0.0,3775.0,0.174
29.6991,86.1314,2017-04-27,0,-3.9,47.79,4.13,0.04,5387.0,0.239
28.4915,82.0193,2015-05-03,0,23.84,34.46,1.67,0.04,545.0,1.937
27.3156,82.9932,2012-03-14,0,20.57,46.87,2.29,0.0,90.0,1.287
27.1403,81.3317,2017-05-04,0,36.03,18.62,2.66,0.0,121.0,4.843
30.1145,82.4088,2022-09-05,0,2.66,79.9,3.03,0.47,4979.0,0.149
27.2388,86.2871,2013-04-21,0,19.74,72.7,2.15,9.34,540.0,0.628
27.4151,88.4758,2017-05-22,0,11.18,84.29,1.84,0.45,2092.0,0.209
28.2164,83.7125,2024-03-17,0,17.83,29.96,1.84,0.0,1142.0,1.43
27.3933,84.4608,2023-12-13,0,16.55,59.07,0.82,0.0,472.0,0.771
29.8731,83.8656,2016-09-23,0,0.77,74.9,3.02,0.34,4925.0,0.162
27.5333,81.0215,2019-05-09,0,36.0,12.91,3.97,0.0,124.0,5.174
29.5899,82.922,2012-05-21,0,-0.98,64.42,3.03,0.31,4938.0,0.202
27.1047,82.3034,2024-04-15,0,33.66,24.73,3.42,0.0,107.0,3.929
29.9228,89.1815,2021-11-30,0,-7.42,35.36,2.72,0.11,4642.0,0.226
28.425,88.9473,2022-08-13,0,7.78,74.99,2.43,8.77,5138.0,0.264
29.4405,85.8398,2017-01-11,0,-16.95,71.17,4.6,0.0,4921.0,0.047
27.9892,84.9506,2018-03-14,0,13.91,40.26,1.81,0.0,1019.0,0.949
28.1467,88.0955,2024-11-13,0,-2.13,81.15,2.18,0.01,4474.0,0.098
27.6553,89.3262,2021-04-06,0,3.49,66.93,1.29,0.0,4386.0,0.259
27.308,88.6487,2024-07-06,0,12.75,96.55,2.26,28.66,1998.0,0.051
29.356,80.3133,2022-11-26,0,13.85,54.81,1.04,0.0,1020.0,0.715
28.8932,83.6029,2016-05-17,0,-2.66,77.87,2.42,6.91,4434.0,0.111
29.0832,88.6175,2019-10-24,0,1.33,52.96,2.68,0.07,4234.0,0.316
27.4757,86.7943,2013-03-01,0,6.88,28.4,2.24,0.0,1891.0,0.711
30.0774,80.7701,2020-08-10,0,13.16,89.39,1.68,2.8,3579.0,0.161
26.9618,83.3291,2022-09-12,0,28.18,83.45,4.55,1.57,83.0,0.632
29.1526,80.4491,2018-10-16,0,20.48,57.49,0.96,0.0,994.0,1.024
26.8471,80.275,2023-05-08,0,31.57,35.7,1.42,0.26,124.0,2.984
28.8111,81.8134,2021-11-28,0,7.22,63.39,1.12,0.0,1828.0,0.372
26.5788,80.1301,2022-04-25,0,35.17,12.78,2.52,0.0,130.0,4.95
28.3016,81.5013,2021-10-31,0,19.98,76.72,1.25,0.0,194.0,0.544
28.1987,88.759,2022-05-02,0,0.98,82.85,3.18,2.55,4842.0,0.112
28.3878,80.2731,2019-08-22,0,27.51,87.02,0.91,8.49,173.0,0.477
29.1934,83.3981,2019-12-21,0,-11.63,97.78,2.49,0.01,5384.0,0.006
28.5506,84.9453,2014-11-21,0,-0.9,64.12,1.22,0.0,6801.0,0.205
27.8526,82.6622,2022-07-10,0,28.49,64.49,2.12,1.58,274.0,1.381
29.5489,88.3758,2013-07-23,0,9.84,69.88,1.79,3.01,5294.0,0.366
28.6528,89.4283,2019-09-15,0,7.34,80.61,2.53,1.15,4499.0,0.199
28.1224,80.7532,2012-06-24,0,37.39,38.44,2.43,1.29,142.0,3.946
28.8264,84.9837,2022-10-06,0,-1.39,92.81,2.41,25.4,4756.0,0.04
28.502,82.449,2020-10-08,0,16.44,76.87,1.27,0.0,2198.0,0.433
28.6296,85.5626,2020-07-06,0,5.69,85.96,2.12,3.1,5352.0,0.128
26.7284,87.1276,2019-03-30,0,28.3,34.98,1.49,1.86,99.0,2.501
27.7929,86.8322,2018-08-31,0,4.92,86.85,2.1,0.97,5435.0,0.114
27.4062,84.7587,2018-11-21,0,17.24,56.64,1.11,0.0,423.0,0.853
27.1609,87.7533,2018-01-08,0,8.77,49.84,1.44,0.0,668.0,0.567
26.4984,82.3309,2014-10-27,0,24.06,64.77,0.85,0.0,98.0,1.055
26.3396,88.735,2020-08-05,0,29.54,91.32,1.99,13.42,72.0,0.359
30.3401,86.0705,2018-10-31,0,-4.82,49.67,1.44,0.0,5318.0,0.215
28.6289,80.6694,2016-02-04,0,17.24,24.94,1.03,0.0,163.0,1.477
28.7997,89.1379,2015-02-04,0,-6.1,34.08,3.33,0.0,4489.0,0.255
30.3303,84.1886,2017-11-22,0,-15.3,57.15,4.91,0.0,5579.0,0.08
26.9741,86.0207,2021-08-21,0,24.56,90.66,1.51,8.86,303.0,0.288
26.3392,87.2447,2021-09-21,0,26.42,89.14,1.39,6.48,67.0,0.374
27.7831,83.7615,2021-03-02,0,16.06,21.95,1.77,0.0,1398.0,1.425
29.6308,82.7347,2018-07-19,0,9.97,86.66,2.68,3.71,4852.0,0.163
26.8707,80.7713,2021-01-26,0,14.0,36.89,1.73,0.0,129.0,1.009
29.9917,87.6565,2018-08-09,0,7.71,67.59,1.41,6.38,4875.0,0.341
27.7825,85.3267,2014-08-07,0,14.61,94.66,1.91,4.03,1379.0,0.089
28.0469,83.6213,2021-07-03,0,23.35,90.49,1.65,70.52,977.0,0.273
30.185,83.7039,2022-05-08,0,0.31,70.04,1.72,0.53,4736.0,0.187
27.8581,80.3467,2012-03-10,0,18.41,26.3,1.33,0.0,152.0,1.561
29.6338,85.6535,2018-01-17,0,-11.35,35.25,4.11,0.0,5290.0,0.166
26.7033,86.5677,2012-12-05,0,16.05,54.43,1.1,0.0,162.0,0.831
27.4753,87.3203,2012-02-14,0,3.45,71.23,1.56,0.0,1868.0,0.225
27.9973,81.1629,2015-09-13,0,28.47,75.83,0.84,1.97,133.0,0.939
27.2693,80.4805,2019-04-28,0,34.65,13.76,4.13,0.0,132.0,4.756
30.3264,81.4348,2023-10-25,0,-5.36,62.42,1.69,0.59,5692.0,0.154
26.6779,81.8318,2022-03-27,0,27.86,26.31,2.42,0.0,108.0,2.763
26.6235,84.9318,2020-07-30,0,28.56,85.26,0.58,13.31,69.0,0.576
26.4931,86.6757,2023-09-01,0,27.82,85.63,1.0,1.32,77.0,0.538
28.6155,83.922,2021-05-09,0,8.35,80.94,1.72,2.06,6075.0,0.209
29.8708,84.4606,2019-09-14,0,3.55,83.84,2.73,2.04,5495.0,0.127
26.5471,81.8,2022-12-31,0,14.74,67.19,1.53,0.0,106.0,0.55
27.9473,87.1872,2013-06-05,0,4.79,77.62,2.04,4.41,4030.0,0.192
27.8774,85.5159,2012-02-07,0,4.95,32.31,1.95,0.4,1609.0,0.588
27.9573,87.7553,2021-12-17,0,-5.62,53.76,2.09,0.0,5104.0,0.186
29.8263,80.7943,2021-08-21,0,12.64,86.46,1.43,5.91,2647.0,0.198
27.8641,84.4565,2021-09-25,0,22.06,89.61,1.35,0.99,904.0,0.276
29.8366,83.1684,2018-03-02,0,-9.88,80.09,4.45,0.74,4795.0,0.057
27.4014,88.7741,2018-04-08,0,6.89,83.42,1.71,4.79,4070.0,0.165
27.3765,87.1005,2012-10-24,0,6.7,51.38,1.68,0.0,876.0,0.477
29.3549,83.1076,2023-05-16,0,-1.88,80.21,2.7,2.09,4787.0,0.105
26.6075,83.943,2021-09-30,0,27.43,90.48,2.37,4.97,76.0,0.348
26.6342,89.0028,2012-03-28,0,28.59,29.81,1.61,0.0,83.0,2.746
28.8443,87.1596,2024-09-30,0,6.42,61.47,1.42,0.12,5235.0,0.371
29.1907,82.2831,2021-02-23,0,5.2,56.0,1.75,0.0,3266.0,0.389
27.2008,88.6461,2015-12-26,0,10.44,47.61,0.9,0.0,835.0,0.663
30.0245,86.2232,2012-05-28,0,3.46,35.48,2.77,0.0,5885.0,0.505
29.0627,83.0097,2020-01-06,0,-10.92,69.39,1.55,0.72,4409.0,0.081
28.0555,88.732,2020-09-23,0,4.45,92.75,2.82,17.09,5052.0,0.061
28.8437,82.2393,2021-02-24,0,4.17,50.55,1.98,0.0,2152.0,0.407
28.3459,87.9819,2017-06-24,0,6.93,73.25,1.37,6.91,5146.0,0.267
26.6255,86.5013,2023-07-10,0,30.17,83.23,1.74,5.19,98.0,0.719
30.2929,82.5463,2012-07-02,0,7.85,60.8,2.55,0.46,4909.0,0.416
28.8152,85.8591,2014-06-10,0,4.35,64.11,2.94,1.37,4661.0,0.299
26.8158,82.4214,2016-11-28,0,18.84,66.32,1.06,0.0,90.0,0.733
29.604,87.164,2020-08-28,0,6.28,70.15,2.2,0.09,5281.0,0.285
27.3543,83.7989,2021-06-19,0,27.05,87.87,2.98,13.44,103.0,0.434
28.9823,80.3378,2021-03-12,0,20.9,30.8,1.45,0.0,273.0,1.71
28.1277,81.9778,2015-09-22,0,27.48,81.65,1.11,7.28,824.0,0.673
26.3362,82.3759,2012-03-03,0,20.56,33.72,2.77,0.0,94.0,1.604
30.129,85.0456,2014-09-18,0,2.94,66.34,1.45,0.04,5926.0,0.254
29.5686,81.1525,2018-05-15,0,14.09,64.79,2.08,0.07,2070.0,0.566
26.4465,84.4161,2021-03-23,0,31.15,17.95,2.84,0.0,72.0,3.718
27.6775,82.0765,2013-11-18,0,17.47,69.88,1.82,0.0,121.0,0.601
27.8389,85.6731,2020-05-01,0,9.0,92.92,2.39,8.7,1566.0,0.081
30.2563,81.1458,2013-03-10,0,-11.78,94.16,2.79,0.99,4272.0,0.014
28.4212,83.1488,2014-08-02,0,15.95,94.61,2.31,13.69,2582.0,0.098
30.0326,85.9009,2022-05-30,0,1.62,55.69,3.57,0.99,5454.0,0.304
30.3453,83.6991,2019-04-05,0,-10.85,83.52,1.52,0.39,5092.0,0.044
29.4428,85.3612,2016-12-05,0,-7.16,44.75,2.14,0.0,5881.0,0.197
29.4687,85.6427,2016-06-26,0,7.97,71.1,2.3,2.63,4974.0,0.309
29.2029,86.8192,2020-11-26,0,-6.2,36.37,3.88,0.0,4394.0,0.245
29.4118,85.2145,2024-05-06,0,-0.34,63.86,3.39,1.44,4842.0,0.215
30.0768,81.139,2019-01-30,0,-14.04,77.2,1.62,0.0,5403.0,0.047
29.8807,88.7158,2015-11-24,0,-2.59,33.57,2.66,0.0,4900.0,0.335
27.6705,88.9848,2015-12-10,0,2.57,82.29,1.18,0.0,4068.0,0.13
28.6135,84.8912,2024-03-26,0,0.82,69.23,1.32,0.0,4978.0,0.199
29.03,83.3868,2022-04-20,0,0.3,76.4,2.05,1.25,5372.0,0.147
30.2531,83.9779,2020-04-11,0,-11.32,80.54,2.47,1.28,5444.0,0.05
28.2177,87.0724,2014-04-20,0,-4.41,58.24,3.17,0.0,5553.0,0.184
29.5794,81.1788,2022-06-16,0,18.24,66.96,2.19,0.8,2038.0,0.692
30.041,89.4801,2015-10-28,0,-3.52,51.07,3.13,0.0,5384.0,0.23
28.2429,80.497,2021-04-23,0,29.45,32.03,1.39,0.09,159.0,2.794
26.558,81.5661,2016-06-04,0,35.94,39.57,2.36,0.0,112.0,3.578
30.0952,88.8146,2012-07-17,0,8.55,67.43,1.23,0.38,4882.0,0.363
28.2515,85.7433,2021-01-04,0,-8.12,81.15,2.71,0.0,6452.0,0.062
27.0305,84.8001,2018-07-01,0,30.54,77.03,2.2,30.46,87.0,1.005
29.8335,86.3332,2012-06-27,0,5.78,53.76,3.09,0.0,4975.0,0.426
29.5685,82.329,2024-04-02,0,-0.15,61.92,2.23,0.0,2550.0,0.23
28.5489,84.723,2014-04-09,0,-0.84,69.94,1.9,5.23,3355.0,0.173
28.3541,85.7498,2014-04-27,0,-2.74,79.16,4.03,1.81,5965.0,0.104
29.8409,81.6108,2017-03-04,0,-6.04,53.15,2.78,0.0,4708.0,0.182
29.9469,82.7619,2014-08-26,0,3.88,76.37,2.71,0.34,5255.0,0.191
30.1987,84.66,2012-12-10,0,-14.67,68.63,2.44,0.0,5531.0,0.061
28.9733,83.1207,2019-01-02,0,-12.04,74.18,1.81,0.0,4842.0,0.063
30.0819,82.4298,2016-06-03,0,4.41,73.78,2.74,0.46,5305.0,0.219
27.1732,89.2772,2014-12-03,0,12.2,77.99,0.27,0.0,3110.0,0.313
29.4379,89.2865,2014-08-22,0,7.6,76.86,1.13,7.71,4443.0,0.242
30.4374,87.8955,2022-10-09,0,2.38,72.54,3.27,0.14,5306.0,0.199
29.3319,86.3691,2012-11-27,0,-12.58,61.04,3.63,0.0,5687.0,0.09
27.0912,88.1592,2018-10-15,0,17.48,76.41,1.01,0.0,1111.0,0.471
27.0329,88.2104,2012-02-27,0,15.26,29.06,1.44,0.0,1256.0,1.23
28.7629,82.9682,2019-09-02,0,6.99,88.62,1.63,11.48,4647.0,0.114
29.4808,88.6717,2021-08-24,0,10.11,75.63,1.39,9.3,5502.0,0.301
27.2509,86.2997,2017-03-31,0,15.99,50.65,1.79,0.04,816.0,0.897
27.5728,84.8105,2024-05-04,0,28.13,15.01,1.51,0.0,457.0,3.237
30.0178,81.8992,2016-01-04,0,-5.08,31.0,1.59,0.0,4137.0,0.289
27.9187,87.5011,2012-05-06,0,0.6,74.26,2.67,0.01,3856.0,0.164
27.3672,86.4518,2023-11-13,0,11.76,78.09,1.1,0.0,1504.0,0.302
29.6191,88.8654,2012-07-07,0,10.55,60.05,2.85,1.12,5599.0,0.509
28.6863,86.0644,2024-03-15,0,-9.45,67.85,3.71,0.0,4853.0,0.096
28.462,82.2316,2024-12-25,0,7.54,66.73,1.29,0.0,1436.0,0.346
27.9167,89.155,2023-09-29,0,6.14,83.97,2.21,0.12,4591.0,0.151
30.1589,83.6556,2019-09-20,0,2.79,70.25,1.66,0.31,4685.0,0.222
29.5432,84.7479,2022-04-22,0,-2.14,67.91,3.25,4.4,4679.0,0.168
29.5288,86.9547,2012-10-17,0,-3.83,55.04,3.26,0.0,5493.0,0.207
29.6424,83.2304,2020-11-15,0,-6.77,51.67,3.13,0.02,5958.0,0.178
26.6443,87.3161,2021-12-25,0,15.04,79.54,1.42,0.05,109.0,0.35
27.3559,81.6178,2019-10-01,0,25.19,86.2,1.1,1.1,112.0,0.442
27.8084,84.0686,2016-08-17,0,22.66,92.74,1.63,20.53,636.0,0.2
27.694,82.6499,2017-07-23,0,28.27,87.5,3.36,5.21,174.0,0.48
29.5437,81.7428,2022-11-20,0,5.14,66.27,1.43,0.0,2431.0,0.297
26.9196,83.4786,2023-12-14,0,14.83,63.44,1.45,0.0,84.0,0.617
26.4268,83.4698,2013-10-09,0,25.94,84.95,1.89,1.66,72.0,0.504
28.6506,82.9095,2024-10-10,0,11.09,81.25,1.41,0.05,2089.0,0.248
28.0499,83.2899,2013-08-14,0,22.32,88.89,1.2,2.49,1623.0,0.3
30.1935,86.6945,2020-10-28,0,-3.77,38.92,2.17,0.0,5168.0,0.282
27.4688,82.0167,2014-02-14,0,14.18,80.76,2.93,7.76,111.0,0.311
28.4037,86.1593,2020-09-07,0,4.59,79.94,2.27,0.61,5156.0,0.17
28.3908,82.567,2023-06-26,0,21.52,78.09,1.93,15.56,1725.0,0.563
29.1123,80.0597,2016-11-18,0,18.52,42.42,1.36,0.0,512.0,1.228
27.588,87.6911,2015-09-24,0,15.66,92.67,2.13,6.76,3585.0,0.13
29.3745,80.7082,2020-10-13,0,18.26,62.65,1.3,0.0,1375.0,0.784
28.7927,86.905,2013-12-16,0,-9.28,40.6,2.83,0.0,5315.0,0.18
26.4824,82.9237,2023-10-21,0,23.7,58.53,0.86,0.0,83.0,1.215
28.859,86.3584,2013-11-27,0,-4.38,39.9,2.31,0.0,4459.0,0.265
29.808,86.1057,2017-01-18,0,-16.34,69.94,5.42,0.0,5830.0,0.051
28.7666,87.7587,2014-12-18,0,-11.97,36.95,1.88,0.0,5294.0,0.154
29.3926,82.5116,2018-06-27,0,8.29,83.99,2.58,3.33,4161.0,0.175
26.3039,88.8307,2019-02-07,0,20.01,45.11,1.48,0.1,68.0,1.284
28.1758,88.715,2017-09-17,0,6.33,83.42,2.48,3.33,4919.0,0.159
29.9854,80.0451,2012-06-24,0,20.65,60.24,2.14,3.86,2175.0,0.968
30.1925,80.7607,2022-06-21,0,10.49,69.82,2.26,1.2,4581.0,0.383
26.6351,87.7119,2013-01-07,0,9.7,37.13,2.72,0.0,123.0,0.757
29.527,89.3724,2023-08-07,0,9.72,79.32,1.45,14.5,5374.0,0.249
27.3678,80.6148,2015-03-20,0,,,,,138.0,
29.1074,87.2189,2013-06-18,0,10.46,47.6,3.21,0.07,5063.0,0.664
29.9822,80.4693,2013-10-15,0,7.5,59.81,1.46,0.16,4165.0,0.417
28.9449,82.7453,2012-12-30,0,3.0,34.22,1.14,0.0,3288.0,0.498
26.8914,82.8044,2018-07-05,0,32.5,66.87,2.91,0.83,86.0,1.62
27.4826,81.9016,2012-10-25,0,21.72,66.9,1.24,0.02,115.0,0.86
27.5727,85.8938,2020-06-29,0,21.76,91.97,1.67,5.23,2199.0,0.209
27.968,80.1615,2019-03-19,0,22.5,37.79,2.45,0.0,158.0,1.696
29.5046,83.1221,2012-07-30,0,8.07,80.94,2.72,0.23,4169.0,0.205
30.3772,84.4161,2020-03-06,0,-18.84,90.18,3.62,1.28,4909.0,0.014
29.5095,82.3075,2018-08-01,0,7.49,89.03,2.12,6.87,4510.0,0.114
29.5379,80.6757,2013-09-02,0,20.47,89.8,1.38,1.97,1932.0,0.246
27.602,84.247,2021-05-18,0,31.2,33.43,2.19,0.66,159.0,3.025
28.1983,85.9304,2021-12-10,0,2.2,59.49,1.27,0.0,4420.0,0.29
26.9475,89.447,2014-04-10,0,15.47,38.41,0.88,2.16,1413.0,1.083
27.9405,86.2535,2013-07-26,0,9.66,85.77,2.2,6.96,4486.0,0.171
29.9931,86.9302,2021-01-05,0,-10.81,71.77,4.71,0.56,5183.0,0.076
26.3543,89.433,2015-06-27,0,28.61,88.36,2.49,24.47,47.0,0.456
28.2029,82.9677,2013-06-14,0,25.15,69.62,2.34,0.29,1557.0,0.971
28.0567,83.2443,2014-01-25,0,13.63,46.15,1.66,0.0,1586.0,0.84
28.345,86.5767,2023-12-13,0,-16.07,61.92,3.73,0.1,5190.0,0.066
26.9017,86.7231,2019-01-02,0,13.16,37.53,1.25,0.0,1062.0,0.945
29.9884,86.7489,2021-10-27,0,-6.02,60.18,3.86,0.2,5758.0,0.155
28.867,84.1182,2018-11-09,0,-6.64,73.17,1.81,0.0,5573.0,0.1
28.1778,81.3067,2013-05-01,0,35.22,19.53,3.47,0.0,153.0,4.58
27.3267,80.2015,2020-07-08,0,28.88,84.18,1.89,4.76,141.0,0.629
26.5649,87.0803,2021-01-11,0,18.16,72.08,1.19,0.0,82.0,0.582
28.0266,86.9694,2024-02-29,0,-8.21,72.26,2.89,0.23,6673.0,0.091
28.0522,87.6779,2013-10-02,0,5.19,87.17,2.34,1.36,5056.0,0.113
29.3646,86.9653,2013-01-11,0,-16.63,48.44,3.86,0.0,4936.0,0.086
29.5806,80.4809,2020-01-24,0,5.57,43.36,1.63,0.0,1694.0,0.514
28.3834,87.7473,2021-04-19,0,-2.97,54.33,3.87,1.06,4519.0,0.224
26.95,88.5406,2024-01-08,0,12.14,76.48,0.72,0.0,671.0,0.333
28.2234,86.7469,2023-12-23,0,-5.1,62.26,1.62,0.0,6185.0,0.158
28.3869,87.1947,2023-01-23,0,-9.67,28.7,3.96,0.0,5253.0,0.209
26.6378,89.291,2017-08-24,0,28.05,88.23,0.79,2.36,90.0,0.446
30.314,85.5571,2014-09-28,0,0.56,50.33,1.74,0.38,5106.0,0.316
27.234,88.0195,2013-01-10,0,7.34,42.83,1.03,0.0,3457.0,0.586
29.1356,81.8001,2014-04-02,0,11.25,45.91,1.88,0.01,1997.0,0.722
27.7187,87.4939,2018-11-13,0,6.04,89.63,1.56,0.01,4257.0,0.097
29.1821,86.1588,2023-07-10,0,9.38,66.68,1.65,0.7,4797.0,0.392
27.713,84.2296,2019-01-29,0,14.29,50.04,1.56,0.02,597.0,0.814
30.3647,83.5119,2018-05-18,0,-2.48,64.78,3.16,0.86,4768.0,0.179
30.4062,83.3691,2023-10-24,0,-7.35,64.82,2.69,0.39,4712.0,0.124
29.0586,85.828,2022-10-30,0,-2.32,60.47,1.8,0.0,4969.0,0.204
28.6471,80.1882,2019-01-25,0,14.71,69.7,1.36,11.2,206.0,0.507
27.4479,87.0867,2024-08-20,0,14.18,91.02,1.77,0.87,1570.0,0.145
29.0042,86.616,2021-11-06,0,-4.13,47.67,2.82,0.0,5065.0,0.235
28.1308,86.5945,2013-11-09,0,-9.91,52.58,2.29,0.0,5646.0,0.136
28.0996,89.1616,2013-01-30,0,-8.95,63.6,0.97,0.0,4860.0,0.113
29.8669,81.0582,2019-01-05,0,-9.53,88.02,2.24,0.0,5106.0,0.036
26.9379,84.3344,2021-11-18,0,,,,,83.0,
29.3498,87.8776,2014-02-20,0,-8.26,43.11,4.37,0.0,3939.0,0.186
27.7792,83.0434,2015-06-10,0,30.37,31.99,2.23,1.35,428.0,2.948
29.5296,87.2388,2013-06-30,0,10.09,61.19,2.68,0.65,5474.0,0.479
28.0541,88.1928,2024-03-23,0,-6.35,81.07,2.27,5.68,5121.0,0.072
27.1031,87.0981,2016-10-11,0,22.35,87.31,1.34,7.1,559.0,0.343
26.5341,87.5391,2019-10-01,0,24.04,87.52,1.45,0.95,84.0,0.373
30.0561,82.9548,2015-10-18,0,-2.99,71.5,2.38,0.0,4663.0,0.14
29.6347,83.6779,2018-01-16,0,-11.87,37.81,3.02,0.0,4833.0,0.153
30.3704,81.2736,2018-10-06,0,-3.24,65.12,2.63,0.0,5681.0,0.168
30.1015,87.6459,2017-11-19,0,-9.01,42.23,4.48,0.0,4714.0,0.178
27.581,89.2961,2015-01-27,0,0.03,74.2,1.49,0.0,2749.0,0.158
26.3479,88.0615,2022-10-05,0,25.07,87.51,1.03,21.63,64.0,0.397
27.7463,80.2789,2012-02-03,0,15.16,40.93,1.52,0.0,146.0,1.018
27.875,83.7205,2018-01-26,0,10.56,54.1,1.56,0.0,843.0,0.585
28.841,84.9375,2019-03-10,0,-17.06,91.09,2.04,0.31,5232.0,0.014
29.4614,80.5719,2019-04-04,0,17.34,45.3,1.8,0.0,1551.0,1.083
29.4093,82.2179,2021-04-01,0,-3.71,45.32,3.14,0.08,3523.0,0.254
29.0305,82.4161,2020-08-01,0,13.85,88.93,1.56,0.42,3560.0,0.175
28.4376,89.2578,2019-07-24,0,6.33,74.37,1.96,5.77,4961.0,0.245
28.6788,86.7167,2021-02-02,0,-11.53,36.56,2.27,0.0,4619.0,0.16
27.463,87.1161,2017-05-18,0,13.02,65.33,2.37,0.77,719.0,0.52
27.347,84.9648,2015-02-04,0,16.58,49.37,2.0,0.55,632.0,0.955
26.9955,80.9661,2012-04-17,0,30.18,28.41,2.54,0.0,124.0,3.069
26.5512,82.8655,2019-10-31,0,22.4,88.79,1.37,0.0,81.0,0.304
26.6952,84.6666,2024-06-08,0,37.06,29.57,2.58,0.08,74.0,4.434
29.7642,85.8904,2021-12-28,0,-16.81,79.1,4.27,0.0,5936.0,0.034
29.0078,89.0097,2019-01-14,0,-10.67,42.47,3.22,0.0,5016.0,0.156
27.6406,82.7394,2019-03-15,0,24.69,40.78,1.84,0.01,138.0,1.842
30.2289,82.6768,2022-09-14,0,4.08,83.57,3.22,4.64,4922.0,0.134
29.3007,84.0193,2024-10-11,0,-2.01,65.36,2.89,0.06,4829.0,0.183
27.3581,83.1895,2013-11-13,0,20.55,60.19,1.07,0.0,89.0,0.963
30.4223,84.2688,2018-06-14,0,2.48,67.79,2.26,0.51,5843.0,0.235
29.1492,85.5459,2018-04-14,0,-3.66,52.89,3.19,0.09,4988.0,0.22
27.3622,87.1591,2017-01-21,0,4.36,45.29,1.56,0.0,788.0,0.456
26.8496,80.3498,2018-08-14,0,28.42,85.36,0.63,13.38,133.0,0.567
30.1323,87.6551,2020-01-07,0,-14.2,76.5,3.31,0.0,4866.0,0.048
28.3762,85.424,2015-02-01,0,-14.33,74.76,1.56,0.0,3815.0,0.051
30.261,84.5397,2013-01-04,0,-18.53,62.42,9.29,0.0,5077.0,0.053
29.8016,86.3661,2014-12-14,0,-10.09,81.67,6.44,3.12,5238.0,0.052
26.7594,84.3199,2018-05-22,0,33.16,44.0,2.37,0.67,78.0,2.842
28.1476,83.051,2013-04-02,0,21.98,34.88,2.19,0.01,1569.0,1.72
29.2446,86.1355,2020-02-17,0,-9.51,58.59,3.59,0.0,5197.0,0.123
27.7073,83.3846,2022-03-06,0,21.35,53.86,1.47,0.0,205.0,1.172
26.6164,81.5982,2022-08-02,0,29.25,82.53,1.74,11.9,110.0,0.71
27.5476,82.4401,2019-09-26,0,24.78,92.61,4.32,18.76,120.0,0.231
28.594,82.7305,2023-06-14,0,22.62,58.25,3.15,2.16,3125.0,1.146
27.2284,83.0641,2023-06-24,0,36.26,45.54,2.07,0.58,84.0,3.282
29.3779,85.5128,2020-01-07,0,-15.33,87.76,3.56,0.04,4935.0,0.023
30.3381,89.4463,2015-12-28,0,-7.71,42.96,5.17,0.0,5170.0,0.195
27.7287,83.7327,2018-04-24,0,30.44,20.58,1.42,0.0,821.0,3.456
26.9266,89.1857,2017-07-11,0,18.07,89.76,0.5,11.5,1464.0,0.212
27.0014,85.8936,2020-02-23,0,20.42,56.64,1.04,1.78,253.0,1.041
28.1854,83.5533,2020-09-17,0,22.32,94.77,1.8,8.21,2186.0,0.141
28.5247,88.1901,2015-07-07,0,7.54,70.59,3.63,6.21,4610.0,0.306
28.979,81.6369,2016-05-11,0,17.01,60.39,1.64,1.68,1593.0,0.768
29.0609,84.3144,2019-12-30,0,-20.57,85.6,1.61,0.0,5245.0,0.017
29.9337,83.23,2021-10-16,0,-0.9,64.73,2.13,0.0,4829.0,0.202
27.2825,86.3741,2017-04-29,0,16.24,46.81,2.25,3.06,1876.0,0.982
27.7099,89.3915,2024-08-04,0,12.91,88.09,1.23,2.17,4742.0,0.177
26.6654,83.596,2018-07-28,0,29.66,80.94,1.47,15.48,82.0,0.793
27.9083,88.9133,2017-07-23,0,7.19,83.35,2.5,5.08,5418.0,0.169
26.4253,85.2702,2020-09-10,0,29.98,80.12,0.99,4.68,65.0,0.843
28.6134,89.2039,2016-11-09,0,-1.03,30.9,1.31,0.0,4650.0,0.391
29.9576,86.2551,2015-09-14,0,3.61,62.41,2.74,0.76,5798.0,0.297
26.8852,82.497,2012-12-07,0,13.12,66.12,1.72,0.0,97.0,0.511
29.2454,83.751,2022-02-11,0,-22.75,63.91,2.53,0.16,5778.0,0.035
26.8966,86.5634,2024-06-26,0,24.53,93.32,1.51,56.9,676.0,0.206
27.0121,81.4169,2017-06-10,0,36.2,32.43,0.88,0.0,119.0,4.059
29.8362,81.187,2019-01-22,0,-10.39,95.91,3.68,6.21,4225.0,0.011
26.9962,85.3774,2016-05-12,0,30.25,52.89,0.92,7.04,99.0,2.028
26.8814,82.576,2020-08-22,0,,,,,93.0,
30.4325,82.6113,2014-03-17,0,-10.18,80.83,3.66,1.03,5216.0,0.054
29.2166,80.5921,2012-08-15,0,25.89,83.6,0.83,3.4,2144.0,0.548
29.7079,85.4216,2018-11-27,0,-7.7,35.9,1.97,0.0,5632.0,0.219
27.6945,88.1433,2024-06-11,0,11.92,88.58,1.68,12.79,7561.0,0.159
28.2348,83.5531,2013-06-08,0,22.45,85.02,1.81,24.84,1756.0,0.407
26.6583,82.2259,2024-01-01,0,14.56,56.94,1.59,0.0,94.0,0.714
29.7789,87.6904,2020-04-09,0,-6.78,48.44,3.58,0.38,4730.0,0.19
26.7586,86.7152,2014-10-06,0,23.71,78.46,1.09,0.13,151.0,0.632
29.5177,87.6169,2014-03-15,0,-4.36,31.6,1.22,0.0,4769.0,0.302
29.5545,86.6435,2023-10-27,0,-2.92,51.36,1.72,0.0,5004.0,0.24
29.4148,89.077,2023-12-18,0,-7.55,30.43,3.39,0.0,3856.0,0.241
27.5979,83.7383,2019-05-17,0,32.84,31.43,3.64,1.27,147.0,3.418
29.4833,82.787,2016-02-21,0,-3.86,54.84,1.49,0.0,3592.0,0.207
30.2784,83.2444,2020-03-05,0,-19.01,94.45,2.08,0.33,4700.0,0.008
26.4228,80.2078,2013-06-10,0,37.34,42.36,2.03,1.98,128.0,3.684
29.6669,85.0784,2012-08-01,0,10.5,65.13,1.3,1.86,4808.0,0.443
28.2244,83.928,2024-12-16,0,14.08,55.33,1.03,0.0,797.0,0.718
27.1048,84.4459,2018-09-12,0,27.94,88.42,2.54,21.57,86.0,0.436
27.4436,82.0159,2019-07-07,0,32.78,66.46,1.17,12.18,112.0,1.666
27.4279,88.433,2015-08-05,0,11.49,94.85,1.97,10.68,2610.0,0.07
29.3509,85.3056,2024-05-19,0,2.54,61.77,2.82,0.93,4650.0,0.28
27.2336,85.938,2013-11-09,0,19.16,63.91,1.12,0.0,817.0,0.801
28.7693,83.9911,2022-06-03,0,0.64,78.04,2.11,1.37,5019.0,0.141
29.7446,80.8291,2022-07-31,0,19.73,90.08,1.58,2.06,2175.0,0.228
26.8863,81.9438,2022-03-12,0,22.53,48.02,2.47,0.0,101.0,1.419
26.3199,82.4532,2015-05-20,0,36.25,23.25,3.68,2.61,91.0,4.623
26.7221,85.9745,2020-09-10,0,,,,,78.0,
28.2739,87.3102,2019-09-14,0,6.21,80.02,2.34,0.76,5280.0,0.19
26.6975,84.3198,2022-06-15,0,36.59,45.09,2.65,0.62,78.0,3.369
28.38,80.3444,2014-10-02,0,27.45,65.88,0.84,0.0,187.0,1.249
29.6955,82.1237,2014-08-05,0,16.23,85.07,1.6,1.14,3156.0,0.275
28.6367,82.3178,2015-08-02,0,19.5,76.84,1.59,2.07,1330.0,0.525
29.9992,88.2516,2014-03-16,0,-4.34,40.41,2.19,0.0,5480.0,0.264
28.6356,86.0509,2014-01-17,0,-13.71,47.27,2.79,0.0,4754.0,0.112
30.3388,85.5046,2020-03-08,0,-15.2,67.69,4.52,0.03,5208.0,0.061
29.3572,80.7732,2016-08-05,0,21.06,80.29,1.42,5.57,909.0,0.492
29.676,80.5449,2013-07-08,0,19.62,92.34,1.83,16.93,931.0,0.175
26.5488,80.2854,2023-07-11,0,30.64,77.76,1.37,6.83,120.0,0.979
28.5111,81.7047,2021-10-24,0,18.32,82.56,1.29,2.21,597.0,0.367
27.0328,88.7587,2016-05-19,0,21.15,88.3,0.96,18.11,756.0,0.294
30.2833,86.0375,2020-02-04,0,-17.76,56.97,4.0,0.0,5002.0,0.065
27.7612,84.225,2017-09-27,0,22.18,91.26,1.67,0.29,1052.0,0.234
27.2266,88.0812,2024-01-13,0,12.26,50.57,1.04,0.0,2931.0,0.705
30.1746,80.9871,2014-09-29,0,2.78,84.19,1.41,1.01,4828.0,0.118
29.6587,87.2627,2017-01-10,0,-13.72,52.56,3.57,0.0,5497.0,0.1
26.8083,89.3532,2023-04-27,0,15.79,65.08,0.56,0.64,167.0,0.626
27.3484,87.8068,2019-11-16,0,10.15,67.03,1.47,0.0,2246.0,0.409
28.2662,89.3792,2021-10-27,0,-2.59,76.1,4.05,0.0,4430.0,0.121
29.4989,88.883,2012-06-01,0,10.85,47.75,3.27,0.19,5391.0,0.679
29.4239,86.8698,2020-10-30,0,-2.78,35.23,2.58,0.0,4542.0,0.322
29.4777,87.046,2013-02-12,0,-12.6,57.85,4.12,0.0,5176.0,0.098
29.643,88.2218,2023-05-03,0,0.92,50.2,3.91,0.06,4889.0,0.325
28.5563,82.1139,2017-03-14,0,14.48,32.69,1.74,0.0,1229.0,1.11
26.8363,81.3599,2017-12-25,0,14.97,48.37,1.54,0.0,117.0,0.879
28.9307,81.9553,2024-02-04,0,3.86,72.27,1.2,5.72,2007.0,0.223
27.7306,83.5709,2018-06-27,0,30.01,74.53,2.76,9.44,738.0,1.081
27.7041,81.0997,2012-06-16,0,39.76,15.08,4.06,0.0,126.0,6.184
27.7632,85.8993,2012-01-26,0,-0.26,39.61,1.56,0.0,1516.0,0.362
30.415,83.2688,2015-10-29,0,-8.27,65.46,2.04,2.75,4864.0,0.113
30.4952,86.7744,2018-10-05,0,-1.55,57.14,2.09,0.66,5100.0,0.234
27.0258,87.0321,2020-03-06,0,16.81,69.17,1.49,3.47,1900.0,0.59
27.2327,85.395,2019-07-10,0,27.89,85.69,3.07,24.93,371.0,0.537
26.8853,85.4847,2024-06-12,0,32.89,51.53,2.34,0.74,87.0,2.423
30.0285,81.9605,2013-11-16,0,-4.25,51.21,1.47,0.0,5303.0,0.217
27.8623,87.3708,2021-05-26,0,7.33,85.31,3.26,4.54,2979.0,0.151
29.7737,88.4081,2017-01-12,0,-17.96,52.29,3.43,0.0,4931.0,0.071
26.4394,83.0331,2022-05-11,0,35.09,39.68,2.0,1.57,79.0,3.409
28.2055,82.2673,2021-07-21,0,24.48,92.29,1.79,21.56,990.0,0.237
27.6915,86.83,2020-01-18,0,0.33,76.33,1.95,0.28,4664.0,0.148
30.4275,88.4011,2020-11-30,0,-9.42,62.43,3.88,0.0,5262.0,0.112
28.1778,84.5297,2014-06-11,0,26.67,50.11,1.66,4.39,1474.0,1.745
30.2752,83.2854,2020-06-22,0,2.61,76.53,2.78,1.69,5090.0,0.173
28.1442,82.8314,2017-03-14,0,14.77,33.66,1.96,0.0,1143.0,1.115
27.4412,87.6078,2015-11-12,0,8.26,72.62,1.24,0.0,1432.0,0.299
28.555,85.0,2024-10-06,0,4.9,81.0,1.4,2.31,4480.0,0.165
30.1797,89.1663,2018-01-02,0,-16.52,60.55,4.98,0.0,5210.0,0.066
28.0343,86.36,2023-10-09,0,6.59,82.05,1.76,0.2,4967.0,0.175
30.0922,80.6238,2013-06-15,0,11.45,86.52,2.49,3.47,2161.0,0.182
30.2614,84.0786,2022-12-31,0,-15.54,74.3,4.68,0.0,5571.0,0.047
28.7597,85.0457,2023-01-27,0,-10.94,49.13,2.74,0.0,5206.0,0.135
26.6253,83.2428,2023-03-15,0,26.01,32.49,1.69,0.0,82.0,2.271
27.4,81.2578,2017-05-09,0,32.38,43.39,3.67,17.29,117.0,2.75
28.8002,88.3213,2015-01-08,0,-11.49,59.79,2.0,0.84,5886.0,0.102
28.2164,85.9036,2014-08-15,0,12.57,95.91,2.14,24.51,4700.0,0.06
28.8836,85.3697,2021-03-13,0,-7.47,64.59,2.39,0.27,5089.0,0.123
28.5609,83.9024,2018-02-14,0,1.03,57.63,1.46,0.01,4871.0,0.279
29.7464,80.9303,2024-06-21,0,24.14,56.56,1.99,0.43,3916.0,1.307
27.4191,80.8281,2024-07-06,0,29.16,84.21,3.37,44.27,135.0,0.638
27.0879,85.0774,2020-02-18,0,17.12,51.27,1.7,0.0,115.0,0.951
28.4447,83.3115,2023-01-14,0,0.41,61.64,1.7,0.0,2103.0,0.241
26.8564,81.6055,2014-10-10,0,28.28,49.43,1.72,0.0,114.0,1.943
30.4019,85.4425,2024-11-09,0,-1.41,60.84,2.38,0.0,4990.0,0.216
29.0071,80.2737,2018-01-04,0,13.51,36.88,1.41,0.0,299.0,0.977
27.3417,82.6754,2012-06-03,0,38.52,18.42,3.97,0.21,96.0,5.558
28.2289,87.4759,2022-02-26,0,-7.25,76.39,1.95,0.09,5333.0,0.084
27.3642,83.373,2023-04-18,0,32.72,25.91,2.9,0.0,95.0,3.669
29.8706,85.3703,2019-12-02,0,-17.31,67.51,3.69,0.0,5698.0,0.051
26.8017,83.096,2024-11-23,0,18.32,72.07,0.98,0.0,81.0,0.588
27.001,88.1503,2014-10-31,0,17.48,77.39,0.88,0.0,1715.0,0.452
28.4442,81.1795,2019-10-06,0,24.88,76.73,1.03,0.02,154.0,0.732
27.0408,81.982,2024-01-28,0,14.73,46.14,1.01,0.0,102.0,0.903
30.1269,88.8036,2024-02-17,0,-9.1,45.24,3.82,0.01,4659.0,0.168
28.0302,82.5495,2021-02-17,0,17.37,30.06,1.62,0.02,1089.0,1.387
27.7232,83.851,2022-05-12,0,31.13,54.83,1.11,16.24,777.0,2.044
26.5461,88.988,2014-10-12,0,25.54,87.21,0.89,2.23,75.0,0.418
29.3235,86.6673,2022-03-31,0,-0.77,40.76,4.19,0.15,5267.0,0.342
26.8477,88.0544,2020-11-26,0,15.33,58.65,0.94,0.0,857.0,0.72
26.9276,87.2235,2017-03-30,0,23.74,50.05,1.65,0.37,364.0,1.467
26.9231,82.4582,2012-10-25,0,21.37,73.58,1.23,0.07,93.0,0.672
30.4182,87.2673,2017-05-13,0,0.98,59.29,2.32,1.27,5203.0,0.267
29.7532,88.402,2013-01-28,0,-13.67,35.12,3.31,0.0,4706.0,0.138
28.7682,82.5668,2020-03-08,0,0.19,61.7,1.63,0.0,2428.0,0.237
29.7908,84.2373,2019-06-05,0,1.23,69.08,3.31,0.22,4851.0,0.206
27.047,85.2264,2021-09-06,0,28.02,88.69,1.29,27.46,102.0,0.428
30.4189,85.448,2024-02-28,0,-9.18,53.12,6.02,0.0,5087.0,0.143
27.3644,81.505,2020-01-27,0,15.21,66.71,1.88,0.0,110.0,0.575
30.3706,80.9245,2015-04-12,0,-7.96,89.09,2.41,0.51,5213.0,0.037
28.2498,85.2611,2017-06-05,0,22.5,63.84,1.76,14.45,3598.0,0.986
26.8435,83.2012,2024-10-23,0,26.94,73.56,0.75,0.0,74.0,0.939
29.8245,82.4011,2020-07-17,0,6.54,85.92,2.87,1.46,5528.0,0.137
26.6055,82.5698,2013-03-19,0,24.99,39.63,2.93,0.0,85.0,1.911
30.4031,87.5427,2016-05-27,0,2.16,48.84,2.77,2.14,5623.0,0.365
28.5264,87.6713,2016-10-31,0,-3.1,58.32,1.97,0.0,4190.0,0.203
28.3812,85.1119,2016-09-17,0,7.48,90.59,1.83,13.72,5816.0,0.097
28.7828,81.1812,2019-08-13,0,25.04,80.46,1.59,1.67,437.0,0.62
27.6485,83.0044,2024-01-04,0,16.4,54.66,1.32,0.11,115.0,0.846
30.0853,81.7928,2016-04-12,0,1.91,57.6,2.3,0.0,4454.0,0.297
28.8404,83.8914,2013-09-29,0,0.62,86.27,1.86,2.93,4458.0,0.088
26.8062,87.1041,2013-07-13,0,25.13,82.82,1.44,2.76,108.0,0.548
29.9083,87.2132,2023-02-15,0,-9.72,38.88,4.12,0.0,5222.0,0.179
28.8878,87.7131,2018-12-14,0,-12.96,54.97,2.99,0.0,4735.0,0.101
30.1447,85.7407,2017-05-18,0,-0.94,60.34,3.08,2.86,5310.0,0.226
26.5818,80.5206,2013-07-04,0,29.57,78.67,3.43,0.01,128.0,0.883
28.9739,81.1169,2013-09-23,0,23.13,87.81,1.17,0.04,395.0,0.345
27.6845,88.3673,2017-06-02,0,9.35,85.43,2.3,5.7,4074.0,0.171
26.7539,83.4185,2019-09-09,0,28.78,86.4,2.42,0.51,83.0,0.538
26.7138,88.3475,2016-09-27,0,26.35,82.31,0.78,4.04,135.0,0.607
27.2095,83.9008,2012-03-25,0,26.01,23.25,1.09,0.0,98.0,2.581
29.0659,87.212,2023-06-30,0,10.38,57.16,2.92,0.62,4820.0,0.54
29.9665,85.7701,2020-04-14,0,-3.78,56.75,2.28,5.12,5804.0,0.2
26.7482,82.0223,2018-04-17,0,34.06,26.6,1.76,0.0,107.0,3.917
27.2697,81.3282,2016-11-29,0,19.79,66.41,1.03,0.0,114.0,0.775
26.8619,81.8051,2016-07-01,0,31.1,72.3,3.27,63.03,101.0,1.252
30.0725,82.6934,2013-07-16,0,5.82,83.8,3.41,6.41,4953.0,0.15
27.8905,86.2474,2015-04-16,0,0.7,83.11,2.55,3.13,2302.0,0.109
29.2212,88.3416,2018-06-20,0,11.43,47.64,2.85,0.23,3998.0,0.707
28.9647,81.8159,2019-01-24,0,2.04,71.33,1.31,2.82,1752.0,0.203
26.8761,82.5301,2013-09-25,0,29.58,79.87,0.55,5.68,90.0,0.834
27.8311,87.4739,2015-05-17,0,4.83,77.91,1.91,2.81,3914.0,0.19
28.6875,82.1104,2021-06-15,0,22.62,86.9,1.12,60.23,1112.0,0.36
26.7022,84.8096,2021-09-05,0,29.46,84.97,1.12,2.63,72.0,0.618
26.3282,80.6873,2023-08-26,0,28.17,83.27,2.98,0.03,122.0,0.639
29.1327,80.3423,2016-01-16,0,13.36,31.53,1.07,0.0,378.0,1.05
28.5314,87.4682,2018-06-08,0,7.18,53.2,3.37,1.56,4180.0,0.475
27.328,83.0323,2017-12-13,0,21.1,51.43,2.48,0.0,87.0,1.215
28.3043,86.5713,2014-01-14,0,-11.88,67.55,3.86,0.0,5336.0,0.08
28.0618,81.7029,2022-03-08,0,22.25,51.9,1.69,0.0,143.0,1.291
26.9974,86.6804,2017-01-10,0,12.12,63.14,1.48,0.02,1067.0,0.521
27.6623,88.3432,2017-06-22,0,11.09,93.74,2.24,6.24,4767.0,0.083
29.8106,88.7237,2024-04-27,0,-0.78,41.33,3.41,0.0,5437.0,0.339
26.414,87.4066,2020-11-12,0,22.58,55.79,1.02,0.0,66.0,1.211
30.344,81.3371,2024-10-31,0,-0.92,51.64,1.66,0.0,5744.0,0.276
26.8243,82.5573,2012-09-29,0,27.45,84.46,1.03,0.0,90.0,0.569
26.8836,88.5612,2016-08-09,0,23.19,91.21,0.94,23.02,199.0,0.25
30.005,84.702,2019-07-02,0,4.76,72.92,2.83,1.39,5677.0,0.232
27.1307,87.5341,2022-08-29,0,23.13,89.82,1.47,3.94,1597.0,0.288
27.4841,83.5967,2022-08-11,0,28.26,80.85,3.24,0.54,104.0,0.735
27.0148,81.9548,2024-04-06,0,30.47,21.45,2.98,0.0,99.0,3.424
26.8052,86.4394,2023-08-03,0,26.66,83.61,3.38,2.72,176.0,0.573
26.6963,83.3726,2019-01-28,0,13.5,45.22,2.46,0.0,76.0,0.848
29.2805,81.7861,2020-03-01,0,2.2,75.32,1.77,0.07,1674.0,0.177
28.8986,84.3641,2018-07-12,0,5.11,87.44,1.42,11.6,5981.0,0.11
28.6332,84.6494,2019-02-12,0,-5.32,68.35,1.64,0.0,4182.0,0.13
27.608,80.2694,2021-10-28,0,20.33,69.96,1.19,0.0,144.0,0.717
27.6457,86.5051,2023-09-13,0,18.91,87.41,1.56,6.58,4051.0,0.275
30.3725,86.1107,2015-06-27,0,8.71,61.37,3.33,0.68,5509.0,0.435
27.584,86.2814,2019-06-16,0,21.25,47.3,2.03,0.73,2456.0,1.331
27.2155,80.0367,2020-03-29,0,24.76,38.24,3.14,0.0,142.0,1.929
29.0859,81.1715,2013-08-08,0,22.2,93.44,1.07,10.05,1754.0,0.176
29.4517,84.7215,2017-01-28,0,-13.48,63.88,2.81,2.27,5186.0,0.078
30.1089,80.6459,2019-12-20,0,-2.27,79.06,1.06,0.13,4098.0,0.108
28.5848,81.2338,2024-05-08,0,29.79,42.79,1.91,5.32,188.0,2.398
29.4651,81.1932,2020-04-22,0,7.55,83.49,1.3,4.15,2575.0,0.172
28.512,83.3835,2015-01-06,0,1.24,58.31,1.77,0.0,2446.0,0.279
29.7558,87.1124,2023-02-04,0,-12.41,55.87,3.11,0.0,5478.0,0.104
28.1296,82.0802,2023-06-20,0,34.16,49.17,2.06,3.05,719.0,2.728
29.8912,84.6642,2024-08-14,0,6.75,61.08,2.98,7.69,5242.0,0.383
29.6176,83.4237,2023-09-24,0,2.2,84.63,2.78,2.8,4652.0,0.11
27.7904,82.958,2021-06-04,0,24.77,65.29,1.75,1.74,1003.0,1.085
29.8063,84.8749,2016-01-16,0,-18.32,55.83,2.8,0.0,4837.0,0.064
29.095,81.1325,2017-01-24,0,15.05,26.95,1.4,0.0,928.0,1.25
27.038,81.8634,2024-08-28,0,27.49,92.71,3.13,4.35,103.0,0.267
26.9969,83.2977,2019-01-19,0,15.67,50.31,1.43,0.0,85.0,0.885
29.5272,83.9183,2015-07-09,0,4.73,83.48,2.16,2.03,4821.0,0.141
28.3677,83.0063,2017-01-18,0,0.93,60.83,1.16,0.0,2369.0,0.256
29.3601,83.1066,2012-11-27,0,-10.33,64.54,2.16,0.0,4521.0,0.099
26.7289,88.2119,2021-02-07,0,16.72,58.03,1.6,0.1,181.0,0.799
29.4822,81.8409,2013-07-04,0,16.32,86.29,1.81,3.27,2590.0,0.254
26.5843,88.0988,2016-11-22,0,19.84,71.58,0.92,0.0,96.0,0.658
30.1418,80.7263,2020-03-14,0,-1.44,89.87,2.28,18.28,5371.0,0.056
30.3873,84.2218,2015-09-14,0,1.07,71.9,3.66,2.59,5634.0,0.185
30.0363,85.3324,2014-04-28,0,-4.74,51.77,2.41,0.08,5663.0,0.207
27.9659,88.6954,2023-08-31,0,9.06,82.21,1.1,0.87,5606.0,0.205
26.7072,82.8775,2012-03-26,0,27.98,19.02,1.46,0.0,82.0,3.057
28.0037,88.1426,2022-12-31,0,-10.34,78.71,1.79,0.0,5664.0,0.059
27.0405,88.6794,2019-07-15,0,22.69,95.28,1.22,34.59,1294.0,0.13
27.3913,82.3279,2013-08-08,0,28.75,85.91,1.34,21.3,102.0,0.556
27.5011,80.4809,2023-10-28,0,24.13,48.69,1.13,0.0,139.0,1.543
