{"boundaryID": "NPL-ADM0-63295607", "boundaryISO": "NPL", "boundaryYear": "2019", "boundaryType": "ADM0", "boundarySource": "Geoboundaries, Open Data Nepal", "boundaryCanonical": "Federal Democratic Republic of Nepal", "boundaryLicense": "Creative Commons Attribution 4.0 International (CC BY 4.0)", "licenseDetail": "", "licenseSource": "https//opendatanepal.com/dataset/new-political-and-administrative-boundaries-shapefile-of-nepal", "boundarySourceURL": "https//opendatanepal.com/dataset/new-political-and-administrative-boundaries-shapefile-of-nepal", "sourceDataUpdateDate": "Thu Jan 19 07:31:04 2023", "buildDate": "Dec 12, 2023", "admUnitCount": "1", "meanVertices": "66417.0", "minVertices": "66417", "maxVertices": "66417", "meanPerimeterLengthKM": "3698.723246921205", "maxPerimeterLengthKM": "3698.723246921205", "minPerimeterLengthKM": "3698.723246921205", "meanAreaSqKM": "148041.95929567894", "minAreaSqKM": "148041.95929567894", "maxAreaSqKM": "148041.95929567894"}